Donor,HOMO_D,LUMO_D,Eg_D,Acceptor,HOMO_A,LUMO_A,Eg_A,DA ratio,solvent,total solids,thickness,Temp,HTL,ETL,Voc,Jsc,FF,PCE
PBDT-TT,-5.23,-3.34,1.88,6TIC,-5.45,-3.94,1.37,01:01.5,o-DCB,25,100,25,PEDOT:PSS,C60-bissalt,0.812,19.1,61,9.46
PBDT-TT,-5.23,-3.34,1.88,ITIC,-5.6,-3.86,1.59,01:01.5,o-DCB,25,100,25,PEDOT:PSS,C60-bissalt,0.849,15.8,65,8.72
PBDT-TT,-5.23,-3.34,1.88,IT-M,-5.58,-3.82,1.61,01:01.5,o-DCB,25,100,25,PEDOT:PSS,C60-bissalt,0.904,16.5,67,9.99
J71,-5.44,-3.45,1.6,A201,-5.69,-3.93,1.64,1:01,CF,,,25,PEDOT:PSS,Ca,0.88,13.15,67.15,9.36
J52,-5.13,-3.22,1.91,BTA13,-5.34,-3.62,1.72,1:01,CF,12,105,170,PEDOT:PSS,Ca,1.05,12.7,58.66,7.82
J52-F,-5.29,-3.38,1.92,BTA13,-5.34,-3.62,1.72,1:01,CF,12,108,150,PEDOT:PSS,Ca,1.18,11.55,61.34,8.36
J52-FS,-5.32,-3.39,1.93,BTA13,-5.34,-3.62,1.72,1:01,CF,12,96,150,PEDOT:PSS,Ca,1.24,6.74,45.96,3.84
J61,-5.22,-3.21,1.66,BT-IC,-5.32,-3.85,1.43,1:01,CF,16,130,120,PEDOT:PSS,PDINO,0.87,16.35,67.1,9.56
J71,-5.25,-3.18,1.78,BT-IC,-5.32,-3.85,1.43,01:01.5,CF,16,130,120,PEDOT:PSS,PDINO,0.9,17.75,65.7,10.46
J51,-5.2,-3.01,1.91,IDIC,-5.69,-3.91,1.62,1:01,CF,12,100,25,MoOx,ZnO,0.796,12.24,66,6.94
PDBT-T1,-5.36,-3.43,1.85,IDIC,-5.69,-3.91,1.62,1:01,CF,12,100,25,MoOx,ZnO,0.834,16.98,73.2,10.37
PDCBT,-5.32,-3.3,1.9,IDIC,-5.69,-3.91,1.62,1:01,CF,12,100,25,MoOx,ZnO,0.814,11.31,64.1,6.28
PTB7-Th,-5.2,-3.56,1.58,IDIC,-5.69,-3.91,1.62,1:01,CF,12,100,25,MoOx,ZnO,0.806,10.9,56.1,5.24
PTFBDT-BZS,-5.43,-3.58,1.81,IDIC,-5.69,-3.91,1.62,1:01,CF,12,100,25,MoOx,ZnO,0.905,17.3,70.8,11.03
J61,-5.32,-3.08,1.93,IDT-IC,-5.69,-3.88,1.72,1:01,CF,,120,160,PEDOT:PSS,PDINO,0.88,13.7,57.3,6.95
J61,-5.32,-3.08,1.93,SJ-IC,-5.61,-3.94,1.49,1:01,CF,,120,160,PEDOT:PSS,PDINO,0.83,16.99,65.95,9.27
J71,-5.4,-3.24,1.54,IDTT-BH,-5.24,-3.86,1.54,01:01.4,CF,12,100,25,PEDOT:PSS,PDINO,0.9,17.77,69.1,11.05
PBDB-T,-5.33,-2.92,1.64,IDTT-BH,-5.24,-3.86,1.54,01:00.8,CF,9,90,100,PEDOT:PSS,PDINO,0.85,16.86,69.2,9.92
PDCBT,-5.31,-3,1.5,IDTT-BH,-5.24,-3.86,1.54,01:01.2,CF,11,120,120,PEDOT:PSS,PDINO,0.88,17.15,68.6,10.35
J71,-5.4,-3.24,1.54,IDTT-OBH,-5.41,-3.86,1.57,1:01,CF,10,100,25,PEDOT:PSS,PDINO,0.92,14.75,61,8.02
PBDB-T,-5.33,-2.92,,IDTT-OBH,-5.41,-3.86,1.57,01:00.8,CF,9,90,110,PEDOT:PSS,PDINO,0.87,17.46,72,10.93
PDCBT,-5.31,-3,,IDTT-OBH,-5.41,-3.86,1.57,01:01.2,CF,11,100,120,PEDOT:PSS,PDINO,0.91,13.97,64.8,8.24
J52,-5.3,,,IEICO-4Cl,-5.56,-4.23,1.23,01:01.5,CB,10,110,100,PEDOT:PSS,PFN-Br,0.7,23.8,60.7,10.1
PBDB-T,-5.3,,,IEICO-4Cl,-5.56,-4.23,1.23,1:01,CB,10,100,100,PEDOT:PSS,PFN-Br,0.744,20.8,62.5,9.67
PTB7-Th,-5.3,,,IEICO-4Cl,-5.56,-4.23,1.23,01:01.5,CB,10,110,100,PEDOT:PSS,PFN-Br,0.727,22.8,62,10.3
J52,-5.21,-2.99,1.96,IEICO-4F,-5.1098,-3.3772,1.29,01:01.3,CB,24,85,130,MoOx,ZnO,0.704,20.48,56.9,8.2
J52,,,1.96,i-IEICO-4F,-5.0183,-3.3307,1.56,1:01,CB,24,85,130,MoOx,ZnO,0.849,22.86,67.9,13.18
J71,-5.4,-3.24,,ITCPTC,-5.54,-3.45,1.58,1:01,CF,,110,150,PEDOT:PSS,PDINO,0.896,17.52,74.1,11.63
J71,-5.4,-3.24,,MeIC,-5.57,-3.92,1.58,1:01,CF,,110,150,PEDOT:PSS,PDINO,0.918,18.41,74.2,12.54
J40,-5.4,-2.9,1.95,ITIC,,,,1:01,CF,16,,120,PEDOT:PSS,PDINO,0.89,12.18,60.13,6.48
J50,-5.13,-3.16,1.88,ITIC,-5.48,-3.83,1.59,1:02,CF,18,,150,PEDOT:PSS,PDINO,0.71,12.93,53,4.8
J51,-5.26,-3.08,1.91,ITIC,-5.48,-3.83,1.59,1:02,CF,18,,150,PEDOT:PSS,PDINO,0.82,16.47,69,9.26
J52,-5.21,-2.99,1.96,ITIC,-5.48,-3.83,1.57,1:01,CF,20,,100,PEDOT:PSS,PDINO,0.73,13.11,57.8,5.51
J60,-5.32,-3.08,1.93,ITIC,-5.48,-3.83,1.57,1:01,CF,20,,100,PEDOT:PSS,PDINO,0.91,16.33,60.38,8.97
J61,-5.32,-3.08,1.93,ITIC,-5.48,-3.83,1.57,1:01,CF,20,,100,PEDOT:PSS,PDINO,0.89,17.43,61.48,9.53
J61,,,1.93,ITIC,-5.54,-3.84,1.59,1:01,CF,20,120,130,PEDOT:PSS,PDINO,0.898,17.97,65.49,10.57
J61,,,1.93,m-ITIC,-5.52,-3.82,1.58,1:01,CF,20,120,130,PEDOT:PSS,PDINO,0.912,18.31,70.55,11.77
J61-F,-5.45,-2.91,2.03,ITIC,-5.51,-3.83,,01:01.5,CF,18,100,170,PEDOT:PSS,PDINO,0.95,13.12,66.1,8.24
J62,-5.31,-3.08,1.92,ITIC,-5.48,-3.83,,1.5:1,CF,18,263,25,PEDOT:PSS,PDINO,0.904,16.12,62.36,9.09
J63,-5.28,-3.04,1.92,ITIC,-5.48,-3.83,,1.5:1,CF,18,166.5,25,PEDOT:PSS,PDINO,0.882,15.72,53.11,7.38
J64,-5.33,-3.09,1.92,ITIC,-5.48,-3.83,,1.5:1,CF,18,321,25,PEDOT:PSS,PDINO,0.908,15.22,54.32,7.51
J81,-5.43,-2.98,1.93,ITIC,,,,1:01,CF,18,,160,PEDOT:PSS,PDINO,0.95,15.27,73.08,10.6
J81,-5.43,-2.98,1.93,m-ITIC,-5.52,-3.82,1.59,1:01,CF,18,,160,PEDOT:PSS,PDINO,0.96,16.47,69.83,11.05
PBDT(T)[2F]T,-5.22,-3.22,2,ITIC,-5.48,-3.83,1.6,1:01,CB,10,65,160,MoOx,ZnO,0.94,16.9,62,9.8
PBDT[2F]T,-5.29,-3.19,2.1,ITIC,-5.48,-3.83,1.6,1.5:1,CB,10,70,25,MoOx,ZnO,0.94,11.6,53,5.8
PBDT[2H]T,-5.03,-2.93,2.1,ITIC,-5.48,-3.83,1.6,1:01,CB,10,80,160,MoOx,ZnO,0.79,7.6,41,2.5
PBDT-2TC,-5.43,-3.57,1.96,ITIC,-5.51,-3.84,1.6,1:01,CB,16,110,120,PEDOT:PSS,C60-bissalt,0.93,15.3,65.7,9.35
PBDT-S-2TC,-5.47,-3.58,1.94,ITIC,-5.51,-3.84,1.6,1:01,CB,16,110,120,PEDOT:PSS,C60-bissalt,0.96,16.4,64.3,10.12
PBDT-DTN,-5.37,-3.53,1.84,ITIC,,,,4:06,CF,,90,25,PEDOT:PSS,Ca,0.92,13.8,65,8.3
PBDT-FBT,-5.14,-3.35,1.69,ITIC,-5.48,-3.83,1.59,1:01,CB,20,99,25,MoOx,ZnO,0.82,13.73,63.8,7.15
PBDTF-FBT,-5.34,-3.53,1.71,ITIC,-5.48,-3.83,1.59,1:01,CB,20,107,25,MoOx,ZnO,0.9,15.38,66.3,9.17
PBDTS-FBT,-5.2,-3.4,1.7,ITIC,-5.48,-3.83,1.59,1:01,CB,20,104,25,MoOx,ZnO,0.89,14.63,65.9,8.58
PBDTSF-FBT,-5.41,-3.6,1.71,ITIC,-5.48,-3.83,1.59,1:01,CB,20,109,25,MoOx,ZnO,1.03,17.09,66.3,11.66
PBDT-NQx,-5.24,-3.42,1.8,ITIC,-5.48,-3.83,1.59,01:00.8,CB,20,110,25,MoOx,ZnO,0.87,16.21,64.6,9.11
PBDTS-NQx,-5.31,-3.46,1.81,ITIC,-5.48,-3.83,1.59,01:00.8,CB,20,109,25,MoOx,ZnO,0.92,17.86,69.8,11.47
PBDTS-TDZ,-5.39,-2.8,2.09,ITIC,-5.48,-3.83,1.59,1:01,o-xylene,20,100,25,MoOx,ZnO,1.1,17.78,65.4,12.8
PBDT-TDZ,-5.35,-2.78,2.07,ITIC,-5.48,-3.83,1.59,1:01,o-xylene,20,100,25,MoOx,ZnO,1.02,15.91,58.1,9.43
PBFZ-OP,-5.33,-3.01,1.99,ITIC,-5.6,-3.85,1.59,1:01,CF,16,,160,MoOx,ZnO,0.91,18.7,61.8,10.5
PSBZ,-5.37,-3.47,1.93,ITIC,-5.6,-3.85,1.59,1:01,CB,20,,140,MoOx,ZnO,0.89,19,62,10.5
J71,-5.4,-3.65,1.96,ITIC1,-5.48,-3.86,1.55,1:01,CF,14,100,100,PEDOT:PSS,ZrAcAc,0.92,14.94,61.2,8.47
J71,-5.4,-3.65,1.96,ITIC5,-5.48,-3.95,1.53,1:01,CF,14,100,100,PEDOT:PSS,ZrAcAc,0.892,18.35,74.7,12.2
PBDT-ODZ,-5.68,-2.89,2.12,ITIC-Th,-5.78,-3.74,1.6,1:01,CB,20,100,25,CuSCN,PFN-Br,1.08,15.52,60.4,10.12
FTAZ,-5.38,-3.17,2,ITIC-Th,-5.66,-3.93,1.6,01:01.5,CF,12,120,25,MoOx,ZnO,0.915,15.84,61.26,8.88
FTAZ,-5.38,-3.17,2,ITIC-Th1,-5.74,-4.01,1.55,01:01.5,CF,12,120,25,MoOx,ZnO,0.849,19.33,73.73,12.1
FTAZ,-5.38,-3.17,2,ITIC-Th2,-5.75,-4.07,1.54,01:01.5,CF,12.5,100,25,MoOx,ZnO,0.751,17.19,70.07,9.06
FTAZ,-5.38,-3.17,2,ITIC-Th3,-5.67,-3.73,1.63,01:01.5,CF,12.5,100,25,MoOx,ZnO,0.962,16.34,68.33,10.7
J52,-5.21,-2.99,1.96,IT-M,-5.56,-3.98,1.63,1:01,CB,12,100,150,PEDOT:PSS,PFN-Br,0.843,17.1,65.1,9.4
J52,-5.21,-2.99,1.96,IEICO,-5.32,-3.95,1.34,1:01,CB,12,100,150,PEDOT:PSS,PFN-Br,0.848,15.1,51,6.5
J71,-5.4,-3.24,1.96,ITVffIC,-5.58,-4.04,1.4,01:01.2,CF,,100,160,PEDOT:PSS,PDINO,0.81,20.6,63.18,10.54
J71,-5.4,-3.24,1.96,ITVfIC,-5.56,-4.01,1.37,01:01.2,CF,,100,160,PEDOT:PSS,PDINO,0.84,19.73,58.67,9.72
J71,-5.4,-3.24,1.96,ITVIC,-5.46,-3.97,1.35,01:01.2,CF,,100,160,PEDOT:PSS,PDINO,0.89,14.47,57.64,7.34
J71,-5.4,-3.24,1.96,MeIC2,-5.56,-3.97,1.51,1:01,CF,18,100,150,PEDOT:PSS,PDIN,0.885,16.9,69.4,10.2
J70,-5.37,-2.91,1.99,m-ITIC,-5.52,-3.82,1.58,01:01.5,CF,20,,150,PEDOT:PSS,PDINO,0.92,18.09,69.82,11.62
J71,-5.4,-3.24,1.96,m-ITIC,-5.52,-3.82,1.58,01:01.5,CF,20,,150,PEDOT:PSS,PDINO,0.944,18.09,70.59,12.05
J72,-5.42,-3.29,1.98,m-ITIC,-5.52,-3.82,1.58,01:01.5,CF,20,,150,PEDOT:PSS,PDINO,0.962,16.35,65.03,10.23
J73,-5.46,-2.92,1.98,m-ITIC,-5.52,-3.82,1.58,01:01.5,CF,20,,150,PEDOT:PSS,PDINO,0.974,16.45,66.87,10.71
J74,-5.56,-3.06,1.99,m-ITIC,-5.52,-3.82,1.58,01:01.5,CF,20,,150,PEDOT:PSS,PDINO,0.99,15.89,61.18,9.63
J91,-5.5,-3.02,2,m-ITIC,-5.54,,1.58,01:01.5,CF,12,100,150,PEDOT:PSS,PDINO,0.984,18.03,65.54,11.63
J52,-5.17,-2.99,1.96,m-ITIC,-5.54,,1.58,01:01.5,CF,12,100,150,PEDOT:PSS,PDINO,0.701,17.16,49.73,5.98
J71,-5.4,-3.24,1.96,m-MeIC,-5.54,-3.9,1.54,1:01,CF,,100,150,PEDOT:PSS,PDINO,0.919,18.45,69.2,11.73
PBDB-T,-5.33,-3.53,1.78,m-MeIC,-5.54,-3.9,1.54,1:01,CF,,100,150,PEDOT:PSS,PDINO,0.843,18.16,69.7,10.68
PTB7-Th,-5.2,-3.6,1.58,m-MeIC,-5.54,-3.9,1.54,1:01,CF,,100,25,PEDOT:PSS,PDINO,0.796,16.52,61.7,8.12
J61,-5.32,-3.38,1.93,TP21,-5.46,-3.61,1.65,1:01,CB,20,100,140,PEDOT:PSS,Ca,1.05,10.92,51,5.81
FTAZ,-5.38,-3.17,2,IHIC2,-5.69,-3.86,1.66,01:01.5,CF,13.5,100,25,MoOx,ZnO,0.775,15.7,61.2,7.45
FTAZ,-5.38,-3.17,2,IOIC2,-5.41,-3.78,1.55,01:01.5,CF,13.5,100,25,MoOx,ZnO,0.9,19.7,69.3,12.3
PBQ-0F,-5.18,-3.48,1.7,ITIC,-5.53,-3.94,1.57,1:01,THF,12,100,160,MoOx,ZnO,0.69,16.16,59.91,6.68
PBQ-QF,-5.34,-3.62,1.72,ITIC,-5.53,-3.94,1.57,1:01,THF,12,100,160,MoOx,ZnO,0.83,17.16,62.49,8.9
PBQ-4F,-5.49,-3.7,1.79,ITIC,-5.53,-3.94,1.57,1:01,THF,12,100,160,MoOx,ZnO,0.95,17.87,66.8,11.34
PBTA-TF,-5.36,-3.42,1.9,ITCC,-5.47,-3.76,1.67,1:01,CF,16,105,100,PEDOT:PSS,PFN-Br,1,15.54,67,10.4
PBTA-TF,-5.36,-3.42,1.9,IT-M,-5.58,-3.85,1.6,1:01,CF,16,98,100,PEDOT:PSS,PFN-Br,0.97,17.76,71,12.2
PBTA-TF,-5.36,-3.42,1.9,IT-4F,-5.66,-4.14,1.52,1:01,CF,16,96,100,PEDOT:PSS,PFN-Br,0.73,20.24,72,10.6
PBTA-TF,-5.36,-3.42,1.9,IT-M,-5.58,-3.85,1.6,1:01,THF,16,108,100,PEDOT:PSS,PFN-Br,0.96,18.37,67,12
PBTA-TF,-5.36,-3.42,1.9,IT-M,-5.58,-3.85,1.6,1:01,o-xylene,24,112,100,PEDOT:PSS,PFN-Br,0.97,18.74,72,13.1
PBDB-T,-5.33,-2.92,1.78,ITIC,-5.51,-3.78,1.59,1:01,CB,20,100,160,MoOx,ZnO,0.899,16.81,74.2,11.21
PBDB-T-SF,-5.4,-3.6,1.8,IT-4F,-5.66,-4.14,1.52,1:01,CB,25,100,25,MoOx,ZnO,0.88,20.88,71.3,13.1
PBDB-T,-5.28,-3.48,1.78,ITIC,-5.5,-3.89,1.59,1:01,CB,20,100,25,MoOx,ZnO,0.9,17.03,72.1,11.05
PCDTBT-C12,-5.23,-3.26,1.97,SM1,-5.93,-3.5,2.43,1:02,o-DCB,,52,90,PEDOT:PSS,LiF,1.04,4.79,56,2.78
PCDTBT-C12,-5.23,-3.26,1.97,SM2,-5.98,-3.62,2.36,1:02,o-DCB,,60,90,PEDOT:PSS,LiF,1.11,2.21,30,0.74
PCDTBT-C12,-5.23,-3.26,1.97,SM3,-5.95,-3.68,2.27,1:02,o-DCB,,66,90,PEDOT:PSS,LiF,1.09,1.71,30,0.56
PCDTBT-C12,-5.23,-3.26,1.97,SM4,-5.8,-3.65,2.15,1:02,o-DCB,,57,90,PEDOT:PSS,LiF,1.24,0.37,28,0.13
PTB7,-5.21,-3.36,1.69,SFBRCN,-5.93,-3.86,2.05,01:01.2,CB,22,100,25,MoOx,ZnO,0.85,13.85,60.7,7.34
PTB7-Th,-5.27,-3.55,,SFBRCN,-5.93,-3.86,2.05,01:01.2,CB,22,100,25,MoOx,ZnO,0.9,17.24,64,9.9
PBDB-T,,,,ITIC,-5.5,-3.9,1.59,1:01,CB,20,110,100,PEDOT:PSS,PFN-Br,0.93,17,67,10.6
PBDB-T,,,,ITCC,-5.47,-3.76,1.67,1:01,CB,20,110,100,PEDOT:PSS,PFN-Br,1.01,15.9,71,11.4
PBDTTT-E-T,-5.09,-3.48,1.55,IEIC,-5.47,-3.9,1.5,01:01.5,CB,25,105,100,PEDOT:PSS,PFN-Br,0.9,11.7,47,4.9
PBDTTT-E-T,-5.09,-3.48,1.55,IEICO,-5.32,-3.95,1.34,1:01,CB,20,95,100,PEDOT:PSS,PFN-Br,0.82,17.7,58,8.4
PBTT,-5.19,-3.11,1.59,IEICO,-5.32,-3.95,,1:01,CB,22,,100,PEDOT:PSS,PFN-Br,0.86,17.9,61.3,9.5
PTB7-Th,-5.26,-3.19,1.59,IEICO,-5.32,-3.95,,1:01,CB,22,,100,PEDOT:PSS,PFN-Br,0.91,13.3,60.5,7.3
PBDTTT-C-T,-5.11,-3.25,1.58,IEICO,-5.32,-3.95,1.34,,,,,,,,0.89,12.3,59,6.5
PBDB-T,-5.68,-3.84,,NITI,-5.68,-3.84,1.49,1:01,CB,10,100,25,PEDOT:PSS,PNDIT-F3N,0.86,17.8,84,9.49
PTB7-Th,-5.2,-3.59,,IHIC,-5.45,-3.93,1.38,01:01.5,o-DCB,20,100,25,MoOx,ZnO,0.744,17.1,60.9,9.41
P3HT,-5.2,-3.2,,N3,-5.76,-3.97,1.79,01:01.2,o-DCB,,60,25,PEDOT:PSS,Ca,0.87,8.87,60,4.62
P3HT,-5.2,-3.2,,N4,-5.54,-3.67,1.87,01:01.2,o-DCB,,60,25,PEDOT:PSS,Ca,0.91,6.69,58,3.52
P3HT,-5.2,-3.2,,N5,-6.34,-3.73,2.03,01:01.2,o-DCB,,70,25,PEDOT:PSS,Ca,0.97,7.03,59,4.03
P3HT,-5.2,-3.2,,N6,-6.38,-3.98,1.53,01:01.2,o-DCB,,70,25,PEDOT:PSS,Ca,0.9,10.78,63,6.11
PTB7-Th,-5.2,-3.59,,DTPC-IC,-5.21,-3.97,1.24,01:01.5,o-DCB,25,100,25,PEDOT:PSS,C60-bissalt,0.863,8.53,42.4,3.12
PTB7-Th,-5.2,-3.59,,DTPC-DFIC,-5.31,-4.1,1.21,01:01.5,o-DCB,25,100,25,PEDOT:PSS,C60-bissalt,0.76,21.92,61.3,10.21
PBDB-T,-5.33,-2.92,,DICTF,-5.67,-3.79,1.82,01:01.2,CB,22,,25,PEDOT:PSS,PDIN,0.93,10.3,59,5.93
PBDB-T,-5.33,-2.92,,FDICTF,-5.43,-3.71,1.63,01:01.2,CB,22,,25,PEDOT:PSS,PDIN,0.94,15.81,66,10.06
P3HT,-5.08,-2.96,,MPU1,-5.81,-3.99,1.48,1:01,CF,16,90,40,PEDOT:PSS,PFN,0.64,4.22,42,1.14
P_dFBT-DTS,-5.31,-3.33,1.75,MPU1,-5.81,-3.99,1.48,1:01,CF,16,90,40,PEDOT:PSS,PFN,1.04,8.36,48,4.17
PBDB-T,-5.33,-2.92,,IDT-BC6,-5.55,-3.83,1.75,1:01,o-DCB,8,100,25,MoOx,ZnO,0.92,5.63,44,2.3
PBDB-T,-5.33,-2.92,,IDT-BOC6,-5.51,-3.78,1.63,1:01,o-DCB,8,100,25,MoOx,ZnO,1.01,17.52,54,9.6
PTB7-Th,-5.2,-3.59,,ITIC3,-5.54,-3.9,1.55,01:01.5,CF,10,,25,MoOx,ZnO,0.763,16.8,63.1,8.09
PTB7-Th,-5.2,-3.59,,FOIC,-5.36,-3.92,1.32,01:01.5,CF,10,80,25,MoOx,ZnO,0.743,24,67.1,12
P3HT,-5,-3.1,,ATT-3,-5.32,-3.4,1.61,01:00.8,CF,16.2,70,130,PEDOT:PSS,Ca,0.927,10.93,62,6.26
PBDB-T,-5.33,-2.92,,IT-O1,-5.38,-3.33,1.59,1:01,CB,10,101,130,PEDOT:PSS,PFN-Br,0.93,17.35,72,11.6
PBDB-T,-5.33,-2.92,,IT-O2,-5.37,-3.31,1.59,1:01,CB,10,94,130,PEDOT:PSS,PFN-Br,0.97,15.34,62.6,9.3
PBDB-T,-5.33,-2.92,,IT-O3,-5.36,-3.31,1.59,1:01,CB,10,90,130,PEDOT:PSS,PFN-Br,0.98,9.8,51.4,4.9
PBDB-T,-5.33,-2.92,,IT-O4,-5.35,-3.3,1.59,1:01,CB,10,89,130,PEDOT:PSS,PFN-Br,0.95,9.16,47.9,4.2
PTPDBDT,-5.6,-3.75,1.85,ITIC,-5.61,-4.02,1.59,1:01,CF:n-hexane (9:1),,65,25,MoOx,ZnO,1.04,10.6,58,6.4
PTPDBDT,-5.6,-3.75,1.85,F-ITIC,-5.65,-4.09,1.56,1:01,CF:n-hexane (9:1),,40,150,MoOx,ZnO,0.94,14.1,66,8.8
PTPDBDT,-5.6,-3.75,1.85,Cl-ITIC,-5.7,-4.14,1.56,1:01,CF:n-hexane (9:1),,40,150,MoOx,ZnO,0.94,15.6,65,9.5
PTPDBDT,-5.6,-3.75,1.85,Br-ITIC,-5.73,-4.2,1.53,1:01,CF:n-hexane (9:1),,40,150,MoOx,ZnO,0.93,15.4,66,9.4
PTPDBDT,-5.6,-3.75,1.85,I-ITIC,-5.68,-4.14,1.55,1:01,CF:n-hexane (9:1),,40,150,MoOx,ZnO,0.93,14.5,65,8.9
PBDB-T,-5.33,-2.92,,NFBDT,-5.4,-3.83,1.56,01:00.8,CF,9,100,25,PEDOT:PSS,PDIN,0.863,17.35,66.3,10.15
PBDB-T,-5.33,-2.92,,NCBDT,-5.36,-3.89,1.45,01:00.8,CF,9,100,25,PEDOT:PSS,PDINO,0.835,19.73,70.2,11.62
PBDB-T,-5.33,-2.92,,NFBDT,-5.4,-3.83,1.56,01:00.8,CF,9,100,25,PEDOT:PSS,PDINO,0.868,17.85,67.2,10.42
J71,-5.48,-3.6,,ZITI-4F,-5.66,-3.81,1.47,1:01,CF,18,110,120,PEDOT:PSS,PNDIT-F3N,0.85,21.3,72.76,13.18
J71,-5.48,-3.6,2,ZITI,-5.59,-3.74,1.53,1:01,CF,17,,120,PEDOT:PSS,PNDIT-F3N,0.93,20.24,68.61,13.04
PBDB-T,-5.33,-2.92,,DTCCIC-C17,-5.46,-3.65,1.6,01:01.5,CB,,150,25,MoOx,ZnO,0.96,14.03,67,9.02
P3HT,-5,-3.1,,O-IDTBR,-5.56,-3.93,1.63,1:01,CB,24,75,130,MoOx,ZnO,0.72,13.9,60,6.3
P3HT,-5,-3.1,,EH-IDTBR,-5.58,-3.9,1.68,1:01,CB,24,75,130,MoOx,ZnO,0.76,12.1,62,6
P3HT,-5,-3.1,,FBR,-5.7,-3.57,2.14,1:01,CF:o-DCB (4:1),16,80,110,MoOx,ZnO,0.82,7.95,63,4.11
PBDB-T,-5.23,-3.18,,IDTCN,-5.87,-3.92,1.65,1:01,CB,20,100,110,MoOx,ZnO,0.85,12.06,62.48,6.4
P3HT,-5.2,-3.2,,NAI-FN-NAI(BO),-6.07,-3.96,2.13,1:01,CB,20,95,25,PEDOT:PSS,LiF,0.9,9.3,47,3.8
P3HT,-5.2,-3.2,,NAI-FN-NAI(DT),-6.09,-3.97,2.13,1:01,CB,20,95,25,PEDOT:PSS,LiF,0.89,2.55,35,0.75
P3HT,-5.2,-3.2,,PI-FN-PI(DT),-6.02,-3.92,2.07,1:01,CB,20,95,25,PEDOT:PSS,LiF,0.91,4.95,48,2.2
PTzBI,-5.34,-3.46,1.81,ITIC,,,,1:01,CB,20,95,130,PEDOT:PSS,PFN-Br,0.87,18.29,64.34,10.24
P3HT,-5.2,-3.2,,NAI-FN-NAI(HD),-6.06,-3.98,2.12,1:01,CB,20,95,25,PEDOT:PSS,LiF,0.88,7.55,43,2.8
P3HT,-5.2,-3.2,,NAI-FCN-NAI(BO),-6.14,-4.21,1.61,1:01,CB,20,95,25,PEDOT:PSS,LiF,0.58,3.25,39,0.8
FTAZ,-5.38,-3.17,,INIC,-5.45,-3.88,1.57,01:01.5,CF,12.5,100,25,MoOx,ZnO,0.957,13.51,57.9,7.7
FTAZ,-5.38,-3.17,,INIC1,-5.54,-3.97,1.56,01:01.5,CF,12.5,100,25,MoOx,ZnO,0.929,16.63,64.3,10.1
FTAZ,-5.38,-3.17,,INIC2,-5.52,-3.98,1.52,01:01.5,CF,12.5,100,25,MoOx,ZnO,0.903,17.56,66.8,10.8
FTAZ,-5.38,-3.17,,INIC3,-5.52,-4.02,1.48,01:01.5,CF,12.5,100,25,MoOx,ZnO,0.857,19.44,67.4,11.5
PTB7-Th,-5.2,-3.59,,F6IC,-5.66,-4.02,1.36,01:01.7,CF,10,,25,MoOx,ZnO,0.611,18.07,64,7.1
PTB7-Th,-5.2,-3.59,,F8IC,-5.43,-4,1.27,01:01.7,CF,10,,25,MoOx,ZnO,0.64,25.12,67.6,10.9
PTB7-Th,-5.2,-3.59,,F10IC,-5.26,-3.96,1.25,01:01.7,CF,10,,25,MoOx,ZnO,0.73,20.83,66.8,10.2
PBDTTT-C-T,-5.2,-3.34,,DC-IDT2T,-5.43,-3.85,1.55,1.2:1,o-DCB:CF (6.667:1),20,70,25,PEDOT:PSS,Ca,0.9,8.33,52.3,3.93
Pff4TBT-2DT,-5.34,-3.7,1.61,FBR,-5.83,-3.75,2.08,1:01,CB,20,120,25,MoOx,ZnO,1.12,11.5,61,7.8
Pff4TBT-2DT,-5.34,-3.7,1.61,FTTB,-5.65,-3.62,2.04,1:01,CB,20,120,25,MoOx,ZnO,1.05,10.3,45,5
Pff4TBT-2DT,-5.34,-3.7,1.61,IDFBR,-5.75,-3.7,2.15,1:01,CB,20,120,25,MoOx,ZnO,1.08,4.4,38,1.75
Pff4TBT-2DT,-5.34,-3.7,1.61,O-IDTBR,-5.5,-3.9,1.6,1:01,CB,20,120,25,MoOx,ZnO,1.07,15,62,9.95
J71,-5.4,-3.24,,TTz1,-5.59,-3.66,1.65,1:02,CF,15,100,25,MoOx,ZnO,0.9,15.43,63.18,8.77
J71,-5.4,-3.24,,TTz2,-5.45,-3.5,1.61,1:02,CF,15,100,25,MoOx,ZnO,0.92,12.75,53.73,6.3
PBDB-T,-5.23,-3.42,1.81,FTIC-C8C6,-5.62,-3.83,1.63,1:01,o-DCB,8,200,25,MoOx,PFN-Br,0.92,16.1,67.46,9.91
PBDB-T,-5.23,-3.42,1.81,FTIC-C6C6,-5.6,-3.81,1.63,1:01,o-DCB,8,200,25,MoOx,PFN-Br,0.91,16.03,63.17,9.18
PBDB-T,-5.23,-3.42,1.81,FTIC-C6C8,-5.64,-3.81,1.63,1:01,o-DCB,8,200,25,MoOx,PFN-Br,0.92,18.55,64.72,11.12
PTB7-Th,-5.2,-3.5,,NDI-TR,-5.81,-3.95,1.87,,,,175,25,PEDOT:PSS,Al,0.64,7.01,69,3.07
PBDB-T,-5.23,-3.42,,IXIC,-5.13,-3.78,1.35,1:01,CF,14,100,100,PEDOT:PSS,ZrAcAc,0.82,20.9,65.4,11.3
PBDB-T,-5.23,-3.42,,IXIC-4Cl,-5.2,-3.95,1.25,1:01,CF,14,100,100,PEDOT:PSS,ZrAcAc,0.69,22.9,71.2,11.2
HFQx-T,-5.45,-3.5,1.76,ITTC,-5.49,-3.85,1.61,1:01,CF,18,100,130,PEDOT:PSS,PDINO,0.88,16.49,71,10.4
PBDB-T,-5.23,-3.42,,ITIC-OE,-5.67,-4.03,1.57,1:01,CB,,103,120,PEDOT:PSS,PFN-Br,0.85,14.8,67,8.4
PBDB-T,-5.23,-3.42,,ITIC,-5.68,-4.03,1.58,1:01,CB,,100,120,PEDOT:PSS,PFN-Br,0.89,16.5,71,10.4
PBDB-T,-5.23,-3.42,,IT-OM-1,-5.5,-3.76,1.67,1:01,CB,20,95,150,MoOx,ZnO,1.01,12.31,51,6.3
PBDB-T,-5.23,-3.42,,IT-OM-2,-5.49,-3.86,1.59,1:01,CB,20,105,150,MoOx,ZnO,0.93,17.53,73,11.8
PBDB-T,-5.23,-3.42,,IT-OM-3,-5.52,-3.8,1.64,1:01,CB,20,105,150,MoOx,ZnO,0.97,16.38,68,10.8
PBDB-T,-5.23,-3.42,,IT-OM-4,-5.49,-3.81,1.63,1:01,CB,20,105,150,MoOx,ZnO,0.96,14.69,56,7.9
PBDB-T,-5.33,-3.53,,ITCT-DM,-5.48,-3.9,1.58,1:01,CB,20,100,120,PEDOT:PSS,N719:PrC60MAI,0.904,16.32,65,10.56
PBDB-T,-5.33,-3.53,,ITCT,-5.52,-3.45,,1:01,CB,20,100,120,PEDOT:PSS,N719:PrC60MAI,0.85,17.88,72,11.27
PBDB-T,-5.23,-3.18,,ITCPTC-Th,-5.68,-4.03,1.6,1:01,CB,20,100,25,MoOx,ZnO,0.856,17.05,72.7,10.61
PBDB-T,-5.23,-3.18,,ITCPTC-Se,-5.65,-4,1.59,1:01,CB,20,100,25,MoOx,ZnO,0.869,15.2,68.3,9.02
PTB7-Th,-5.22,-3.64,,IEICO-4F,-5.44,-4.19,,01:01.5,CB,37.5,100,100,PEDOT:PSS,PFN-Br,0.72,25.16,61.45,11.13
PBDB-T,-5.33,-3.53,,ITCC,-5.47,-3.76,,1:01,CB,20,100,100,PEDOT:PSS,PFN-Br,0.98,16.14,71.32,11.28
PBDB-T,,,,MeIC,-5.57,-3.94,1.53,1:01,CB,20,100,120,PEDOT:PSS,PDIN,0.896,18.07,74.3,12.03
PTB7-Th,-5.31,-3.71,,IFTIC,-5.42,-3.85,1.82,1:02,o-DCB,25,85,25,MoOx,ZnO,0.9,11.85,53.5,5.77
PBDTTT-C-T,-5.11,-3.25,,IDT-2BM,-5.6,-3.8,1.6,1.5:1,o-DCB,30,,25,PEDOT:PSS,Ca,0.76,9.81,54.4,4.19
PBDTTT-C-T,-5.11,-3.25,,IDTT-2BM,-5.5,-3.8,1.54,1.5:1,o-DCB,30,,25,PEDOT:PSS,Ca,0.845,9.67,56.8,4.7
PTB7-Th,-5.42,-3.81,,IDT-T,-5.41,-3.96,1.45,01:01.3,CB,10,,25,MoOx,ZnO,0.84,9.54,50.9,4.08
PBDB-T,-5.21,-3.41,,IDT-Tz,-5.62,-4.09,1.53,1:01,CB,10,,25,MoOx,ZnO,0.88,13.67,70.8,8.52
PTB7-Th,-5.22,-3.64,,IDT-IC,-5.61,-3.88,1.72,01:01.5,o-DCB,,127,150,PEDOT:PSS,PDINO,0.83,9.53,40,3.16
PTB7-Th,-5.2,-3.59,,IEIC,-5.42,-3.82,1.57,01:01.5,o-DCB,25,110,25,PEDOT:PSS,PDIN,0.97,13.55,48,6.31
PTB7-Th,-5.22,-3.64,,IDT-N,-5.73,-4.08,1.66,1:01,CF,10,100,100,PEDOT:PSS,PNDIT-F3N-Br,0.73,13.02,57.7,5.5
PTB7-Th,-5.22,-3.64,,IDT-T-N,-5.58,-4.06,1.52,1:01,CF,10,100,100,PEDOT:PSS,PNDIT-F3N-Br,0.87,14.67,51.38,6.6
PBDB-T,-5.33,-3.53,,IDT-N,-5.73,-4.08,1.66,1:01,CF,10,100,100,PEDOT:PSS,PNDIT-F3N-Br,0.79,15.88,71.91,8.99
PBDB-T,-5.33,-3.53,,IDT-T-N,-5.58,-4.06,1.52,1:01,CF,10,100,100,PEDOT:PSS,PNDIT-F3N-Br,0.94,14.03,56.11,7.4
PBDB-T,-5.23,-3.42,,IDT-EDOT,-5.43,-3.8,1.41,01:01.2,o-DCB,,100,25,MoOx,ZnO,0.86,21.34,62,11.32
PBDB-T,-5.23,-3.42,,IDT-PDOT,-5.39,-3.77,1.43,01:00.5,o-DCB,,100,25,MoOx,ZnO,0.85,5.26,48.9,2.18
PTB7-Th,-5.2,-3.6,,p-IDTIDT-IC,-5.42,-3.82,1.53,01:01.5,o-DCB,25,150,150,PEDOT:PSS,PDINO,0.94,14.49,47.5,6.48
PBDB-TF,-5.48,-3.64,1.8,IDT-C6,-5.59,-3.35,1.65,1:01,CF,16,110,100,PEDOT:PSS,PFN-Br,0.96,17.5,74,12.5
PBDB-TF,-5.48,-3.64,1.8,IDT-PhC6,-5.56,-3.32,1.74,1:01,CF,16,100,100,PEDOT:PSS,PFN-Br,1,13,43,5.6
PTB7-Th,,,,IDT-2BM,-5.56,-3.65,1.63,01:01.5,CB,,,25,MoOx,ZnO,0.826,9.29,52,3.97
FTAZ,,,,IDCIC,-5.19,-3.72,1.45,,CF,23.3,120,100,MoOx,ZnO,0.87,21.98,71.03,13.58
PBDB-T,-5.33,-2.92,,FDNCTF,-5.42,-3.73,1.6,01:00.8,CB,19.8,120,25,PEDOT:PSS,PDINO,0.94,15.8,66,10
PBDB-T,-5.33,-2.92,,FDICTF,-5.43,-3.71,1.63,01:00.8,CB,19.8,120,25,PEDOT:PSS,PDINO,0.93,16.3,72.5,11.2
PTB7-Th,-4.9,-3.32,,DTNR,-5.22,-3.5,1.72,01:01.5,CB,20,90,25,MoOx,ZnO,1.08,15.72,56,9.51
PBDB-T,-5.33,-2.92,,DTNIC6,-5.87,-3.92,1.7,1:01,CB,18,100,25,MoOx,TiO2:TOPD,0.96,7.71,45.63,3.39
PBDB-T,-5.33,-2.92,,DTNIC8,-5.91,-3.93,1.73,1:01,CB,18,100,25,MoOx,TiO2:TOPD,0.96,12.92,72.84,9.03
PTB7-Th,-5.2,-3.56,,DTCC-IC,-5.5,-3.87,1.59,1:01,CF,13,,100,PEDOT:PSS,Ca,0.95,11.23,56.2,6
P3HT,-5.1,-3.1,,DNIT-TT2T,-5.94,-3.75,2.19,1:01,o-DCB,,80,130,PEDOT:PSS,Ca,0.88,3.28,43.47,1.25
PTB7-Th,-4.9,-3.32,,DICTF,-5.67,-3.79,1.82,01:01.4,CF,,,100,PEDOT:PSS,PDIN,0.85,16.33,55,7.63
P1_BDT-TBT,-5.1,-3.48,1.6,PY1,-5.27,-4,1.4,1:02,CF,18,,25,PEDOT:PSS,PFN-Br,0.83,10.53,56,4.89
P1_BDT-TBT,-5.1,-3.48,1.6,DCI-2,-5.24,-4.05,1.23,1:02,CF,18,,25,PEDOT:PSS,PFN-Br,0.8,13.77,63,6.94
PBDTTT-C-T,,,,DC-IDT2F,-5.44,-3.88,1.54,2:01,o-DCB,20,,25,MoOx,PEIE,0.96,6.32,50.8,3.08
PTB7-Th,-5.22,-3.64,,IM-IDT,-5.44,-4,1.48,1:01,o-DCB,10,,100,PEDOT:PSS,Ca,0.58,4.96,49.16,1.6
PTB7-Th,-5.22,-3.64,,TIM-IDT,-5.36,-4.01,1.43,1:01,o-DCB,10,,25,PEDOT:PSS,Ca,0.6,5.26,45.53,1.63
PTB7-Th,-5.2,-3.61,,COTIC-4F,-5.26,-4.16,1.1,01:01.5,CB,20,73,25,MoOx,ZnO,0.56,20.3,56.3,6.4
PTB7-Th,-5.2,-3.61,,SiOTIC-4F,-5.28,-4.11,1.17,01:01.5,CF,20,75,25,MoOx,ZnO,0.65,21.6,61.4,8.6
P3HT,-4.77,-2.09,,BTA100,-5.32,-3.23,2.05,1:01,CF,15,82,100,PEDOT:PSS,Ca,1.34,1.65,47,1.04
P3HT,-4.77,-2.09,,BTA101,-5.41,-3.55,1.88,1:01,CF,15,82,120,PEDOT:PSS,Ca,1.19,5.33,56,3.55
P3HT,-4.77,-2.09,,BTA103,-5.37,-3.61,1.76,1:02,CF,15,82,120,PEDOT:PSS,Ca,0.94,8.56,66,5.31
PTB7-Th,,,,6TIC,-5.21,-3.83,1.38,01:01.5,CB,25,100,150,MoOx,ZnO,0.831,20.11,66.16,11.07
PTB7-Th,-5.39,-3.12,,COi8DFIC,-5.5,-3.88,1.26,1:01,CB,18,124,25,MoOx,ZnO,0.68,26.12,68.2,12.16
PTB7-Th,,,,IDT-2BR,-5.52,-3.69,1.68,1:01,o-DCB:CF (4:1),15,80,25,PEDOT:PSS,Ca,0.99,14,60,7.7
PTB7-Th,,,,IDT-2BR1,-5.37,-3.67,1.61,1:01,o-DCB:CF (4:1),15,80,25,PEDOT:PSS,Ca,0.95,15.2,60,8.7
PTB7-Th,-5.2,-3.6,,ATT-2,-5.5,-3.9,1.32,01:01.8,CB,22.4,,25,MoOx,ZnO,0.73,20.75,63,9.58
PTB7-Th,-5.2,-3.63,,IFIC-i-2F,-5.42,-3.91,1.34,01:01.8,CB,20,120,25,MoOx,ZnO,0.72,20.95,65,9.82
PTB7-Th,-5.2,-3.63,,IFIC-i-4F,-5.34,-3.96,1.3,01:01.8,CB,20,120,25,MoOx,ZnO,0.67,22.65,66,10.1
PTB7-Th,-5.2,-3.63,,IFIC-i-6F,-5.31,-4,1.27,01:01.8,CB,20,120,25,MoOx,ZnO,0.61,22,70,9.43
PTB7-Th,,,,ATT-1,-5.5,-3.63,1.54,01:01.5,o-DCB,25,130,25,PEDOT:PSS,PFN-Br,0.87,16.48,70,10.07
PDBT-T1,-5.36,-3.43,,IC-C6IDT-IC,-5.69,-3.91,1.62,1:01,CF,12,90,25,MoOx,ZnO,0.89,15.05,65,8.71
PBDTT-6ttTPD,-5.36,-3.51,1.85,ITIC,-5.8,-4.21,1.59,1:01,CF,12,100,25,MoOx,ZnO,0.942,15.63,67.8,9.98
PMOT16,-5.52,-3.66,1.86,ITIC,-5.8,-4.21,1.59,1:01,CF,12,100,25,MoOx,ZnO,1.001,13,58.7,7.63
PBDTT-6ttTPD,-5.36,-3.51,1.85,IDIC,-5.92,-4.31,1.61,1:01,CF,12,100,25,MoOx,ZnO,0.822,15.93,65.5,8.58
PMOT16,-5.52,-3.66,1.86,IDIC,-5.92,-4.31,1.61,1:01,CF,12,100,25,MoOx,ZnO,0.925,16.13,67.3,10.04
PTZP,-5.41,-3.4,2.01,IDIC,-5.64,-3.94,,01:01.5,CB,18,100,25,PEDOT:PSS,PFN-Br,0.9,17.9,73.3,11.8
PffBT2T-TT,-5.42,-3.52,1.63,O-IDTBR,-5.51,-3.55,1.63,01:01.5,"1,2,4-trimethylbenzene",17.5,,90,V2O5,ZnO,1.08,14.32,67,10.4
PffBT4T-2OD,,,1.67,EH-IDTBR,,,,01:01.5,o-xylene,,100,100,MoOx,ZnO,1.08,14.65,60,9.5
PTB7-Th,-5.15,-3.44,,IDT-BT-R,-5.3,-3.56,1.69,01:01.5,o-DCB,25,100,150,PEDOT:PSS,Ca,1.02,13.6,59.1,8.2
PTB7-Th,-5.15,-3.44,,IDT-BT-R-CN,-5.38,-3.67,1.63,1:02,o-DCB,25,100,150,PEDOT:PSS,Ca,0.88,12.4,50.1,5.5
P3HT,-5,-3.59,,I-IDTBTRh,-5.42,-3.68,1.89,01:00.8,CF,,,140,PEDOT:PSS,Ca,0.86,8.81,71,5.38
P3HT,-5,-3.1,,BTA1,-5.51,-3.55,1.85,01:00.6,CF,15,,100,PEDOT:PSS,Ca,1.02,7.34,70,5.24
P3HT,-5,-3.1,,BTA2,-5.43,-3.38,2,0.6:1,CF,15,,100,PEDOT:PSS,Ca,1.22,6.15,60,4.5
J71,-5.4,-3.24,1.96,ITIC,-5.51,-3.84,,1:01,CF,12,100,150,PEDOT:PSS,PDINO,0.94,17.32,69.77,11.41
P3HT,,,,IDT-2BR,-5.52,-3.69,1.69,01:00.6,o-DCB,25,80,25,PEDOT:PSS,Ca,0.84,8.91,68.1,5.12
PTB7-Th,-5.24,-3.66,,IEICO-4F,-5.15,-3.41,1.24,01:01.5,CB,25,100,100,PEDOT:PSS,PFN-Br,0.739,22.8,59.4,10
J52,-5.21,-2.99,,IEICO-4F,-5.15,-3.41,1.24,01:01.5,CB,25,100,100,PEDOT:PSS,PFN-Br,0.734,21.9,58.5,9.4
PffT2-FTAZ-2DT,-5.28,-3.37,1.91,IEIC,-5.45,-3.88,1.57,1:01,CB,6,80,90,V2O5,ZnO,0.998,12.2,59,7.2
PTB7-Th,,,,IEIC1,-5.44,-3.87,1.62,10:06,o-DCB,,,25,PEDOT:PSS,Ca,0.84,9.9,44,3.9
PTB7-Th,,,,IEIC2,-5.45,-3.87,1.6,10:12,o-DCB,,,25,PEDOT:PSS,Ca,0.91,11.1,50,5.4
PTB7-Th,,,,IEIC3,-5.46,-3.86,1.6,10:15,o-DCB,,,25,PEDOT:PSS,Ca,0.93,12.8,58,7.4
PTB7-Th,,,,IEIC,-5.48,-3.85,1.61,10:15,o-DCB,,,25,PEDOT:PSS,Ca,0.95,12.3,49,6
PBDB-T,-5.33,-3.53,,IT-M,-5.58,-3.98,1.6,1:01,CB,20,100,160,MoOx,ZnO,0.94,17.44,73.5,12.05
PBDB-T,-5.33,-3.53,,IT-DM,-5.56,-3.93,1.62,1:01,CB,20,100,160,MoOx,ZnO,0.97,16.48,70.6,11.29
PBDB-ST,-5.37,-3.59,1.81,ITIC-SC6,-5.68,-3.91,1.6,1:01,o-DCB,8,80,25,MoOx,ZnO,0.9,13.87,58,7.27
PBDB-ST,-5.37,-3.59,1.81,ITIC-SC8,-5.7,-3.9,1.6,1:01,o-DCB,8,80,25,MoOx,ZnO,0.9,14.43,60,7.79
PBDB-ST,-5.37,-3.59,1.81,ITIC-SC2C6,-5.74,-3.86,1.6,1:01,o-DCB,8,80,25,MoOx,ZnO,0.92,15.32,64,9.16
PTB7-Th,-5.2,-3.56,,ITIC-Th,-5.66,-3.93,1.6,01:01.3,o-DCB,20,120,25,MoOx,ZnO,0.8,15.93,68,8.7
PDBT-T1,-5.36,-3.43,,ITIC-Th,-5.66,-3.93,1.6,1:01,CF,12,100,25,MoOx,ZnO,0.88,16.24,67.1,9.6
P2F-EH,-5.36,-3.04,1.85,ITIC,-5.64,-3.89,1.6,1:01,CF,11,100,100,PEDOT:PSS,PFNDI-Br,0.983,12.4,50.48,6.13
P2F-Ehp,-5.38,-3.06,1.85,ITIC,-5.64,-3.89,1.6,1:01,CF,11,100,100,PEDOT:PSS,PFNDI-Br,1.017,13.02,54.79,7.28
P2F-EO,-5.41,-3.08,1.85,ITIC,-5.64,-3.89,1.6,1:01,CF,11,100,100,PEDOT:PSS,PFNDI-Br,1.013,12.65,52.53,6.73
P2F-Ehp,-5.38,-3.06,1.85,IT-F,-5.66,-3.95,1.54,1:01,CF,11,100,100,PEDOT:PSS,PFNDI-Br,0.959,16.91,61.94,10.06
P2F-Ehp,-5.38,-3.06,1.85,IT-2F,-5.64,-4.05,1.53,1:01,CF,11,100,100,PEDOT:PSS,PFNDI-Br,0.891,19.65,74.09,12.96
PB3T,-5.39,-3.37,1.96,IT-M,-5.58,-3.96,,60:40:00,Anisole,8,100,25,PEDOT:PSS,PFN-Br,1,18.9,63,11.9
PBDB-T,,,,IT-M,,-3.98,,1:01,CB,20,115,100,MoOx,EDTA-ZnO,0.953,17.34,73.2,12.1
PBDB-T,-5.36,-3.54,1.82,ITIC,,,,1:01,CB,20,,160,MoOx,ZnO,0.86,18.12,64.29,10.02
PBDB-T,-5.33,-3.53,,ITIC,-5.61,-4.02,,1:01,CB,,160,110,PEDOT:PSS,PFN-Br,0.896,16.55,70.73,10.54
PBDB-T,-5.33,-3.53,,IT-M,-5.58,-3.98,,1:01,CB,,160,110,PEDOT:PSS,PFN-Br,0.95,16.37,74.06,11.52
PBDB-T,,,,DICTiF,-5.55,-3.62,1.75,01:01.4,CF,,,80,PEDOT:PSS,PDIN,0.98,11.2,65,6.97
PffBT4T-2OD,-5.3,-3.7,,BAF-4CN,-5.7,-3.6,2.16,01:01.4,o-DCB:CB (1:1),,300,25,MoOx,ZnO,0.769,15.52,70.7,8.4
PBDB-T,,,,DCF-2HT,-5.67,-3.72,1.93,01:01.4,CF,,,25,PEDOT:PSS,PDIN,1.02,11.3,49.5,5.71
PTB7-Th,,,,DCF-2HT,-5.67,-3.72,1.93,01:01.4,CF,,,25,PEDOT:PSS,PDIN,0.96,12.43,40.04,4.83
FTAZ,-5.38,-3.17,,ITIC1,-5.48,-3.84,1.55,01:01.3,CF,11.5,90,25,MoOx,ZnO,0.921,16.45,56.4,8.54
FTAZ,-5.38,-3.17,,ITIC2,-5.43,-3.8,1.53,01:01.3,CF,11.5,90,110,MoOx,ZnO,0.925,18.88,63,11
PTB7-Th,-5.22,-3.64,,BT-IC,-5.32,-3.85,,01:01.5,CB:CF (9:1),25,130,150,MoOx,ZnO,0.81,17.5,59.6,8.3
PTB7-Th,-5.49,-4.09,,BT-CIC,-5.32,-3.85,1.33,01:01.5,CB:CF (9:1),25,130,150,MoOx,ZnO,0.7,22.5,71,11.2
FTAZ,-5.38,-3.17,,IDIC1,-5.51,-3.81,1.67,01:01.5,CF,12.5,100,25,MoOx,ZnO,0.896,13.6,58.5,7.13
FTAZ,-5.38,-3.17,,IHIC1,-5.47,-3.75,1.69,01:01.5,CF,12.5,100,25,MoOx,ZnO,0.95,14.3,67.9,9.21
PBDB-T,-5.33,-2.92,,NTIC,-5.58,-3.76,1.67,01:00.8,CF,9,100,25,PEDOT:PSS,PDINO,0.935,13.55,68.1,8.63
PBDB-T,-5.33,-2.92,,NTIC-Me,-5.53,-3.73,1.74,01:00.8,CF,9,100,25,PEDOT:PSS,PDINO,0.963,13.93,66.2,8.3
PBDB-T,-5.33,-2.92,,NTIC-OMe,-5.53,-3.7,1.71,01:00.8,CF,9,100,25,PEDOT:PSS,PDINO,0.965,13.52,66,8.61
PBDB-T,-5.33,-2.92,,NTIC-F,-5.52,-3.77,1.66,01:00.8,CF,9,100,25,PEDOT:PSS,PDINO,0.812,15.04,66.3,8.1
PffBT4T-2OD,-5.34,-3.69,1.61,FBR,-5.83,-3.7,2.13,01:01.4,o-DCB:CB (1:1),14,100,25,MoOx,ZnO,1.11,12.62,50,7.04
PBT1-C,-5.47,-3.46,1.87,IT-4F,-5.74,-4.11,1.53,1:01,CB,,,25,MoOx,ZnO,0.79,19.7,70.5,10.9
PBT1-C-2Cl,-5.59,-3.53,1.85,IT-4F,-5.74,-4.11,1.53,1:01,CB,,,25,MoOx,ZnO,0.85,19.74,76,12.7
J71,-5.25,-3.18,,IT-IC,-5.58,-3.88,1.59,01:01.2,CF,16,130,25,PEDOT:PSS,PDINO,0.96,14.8,63.6,9.3
J71,-5.25,-3.18,,BDT-IC,-5.51,-3.9,1.53,01:01.2,CF,16,130,25,PEDOT:PSS,PDINO,0.92,17.3,65.5,10.9
PBDB-TF,-5.47,-3.67,1.8,IT-4F,,,,1:01,CB,20,100,100,PEDOT:PSS,PFN-Br,0.86,20.8,76,13.59
PBDB-TF,-5.47,-3.67,1.8,IT-4Cl,-5.75,-4.09,1.66,1:01,CF,14,100,100,PEDOT:PSS,PFN-Br,0.78,22.25,73,12.67
PBDB-T-2Cl,-5.51,-3.71,1.8,IT-4F,,,,1:01,CB,20,100,100,PEDOT:PSS,PFN-Br,0.89,20.58,78,14.29
PBDB-T-2Cl,-5.51,-3.71,1.8,IT-4Cl,-5.75,-4.09,1.66,1:01,CF,14,100,100,PEDOT:PSS,PFN-Br,0.81,22.01,74,13.37
P1_PDTB-EF-T,-5.51,-3.59,1.93,IT-4F,-5.66,-4.14,1.52,1:01,CB,18,,25,PEDOT:PSS,PFN-Br,0.896,20.05,64,11.5
P2_PDTB-EF-T,-5.5,-3.59,1.93,IT-4F,-5.66,-4.14,1.52,1:01,CB,18,100,150,MoOx,ZnO,0.9,20.74,76,14.2
P3_PDTB-EF-T,-5.54,-3.6,1.94,IT-4F,-5.66,-4.14,1.52,1:01,CB,18,,25,PEDOT:PSS,PFN-Br,0.904,20.31,61,11.2
PBDB-T-SF,-5.42,-3.64,,NCBDT-4Cl,-5.6,-4.02,1.4,1:01,CF,,110,110,PEDOT:PSS,PDINO,0.851,22.35,74.3,14.1
PBDB-TF,-5.56,-3.5,,Y6,-5.65,-4.1,1.81,01:01.2,CF,16,150,110,PEDOT:PSS,PDINO,0.83,25.3,74.8,15.7
PBDB-T,,,1.6,ITC6-IC,-5.73,-3.92,1.6,1:01,CB,12.5,110,125,MoOx,ZnO,0.97,16.41,73,11.61
J71,,,,ITC6-IC,,,,,CF,12,93,,PEDOT:PSS,PDINO,0.938,18.35,65.77,11.32
PTQ10,,,,IDIC,,,,,CF,12,112,,PEDOT:PSS,PDINO,0.943,18.75,69.66,12.32
J71,,,,MeIC,,,,,CF,12,103,,PEDOT:PSS,PDINO,0.919,17.77,69.89,11.43
J71,,,,ITCPTC,,,,,CF,12,90,,PEDOT:PSS,PDINO,0.881,17.46,67.96,10.46
J71,,,,ITIC,,,,,CF,12,102,,PEDOT:PSS,PDINO,0.93,18.06,65.75,10.95
PBDB-TF,-5.5,-3.75,,IT-4F,-5.64,-4.06,,1:01,CB,20,100,25,PEDOT:PSS,PFN-Br,0.86,20.8,74.5,13.37
PBDB-TF,-5.5,-3.75,,ITIC,-5.62,-3.87,,1:01,CB,20,100,25,PEDOT:PSS,PFN-Br,1,16.1,66.07,10.64
PBDB-T,-5.33,-3.16,,ATT-6,-5.45,-3.61,1.53,1:01,CF,15,,160,PEDOT:PSS,PDINO,0.96,14.66,59.37,8.22
PBDB-T,-5.33,-3.16,,ATT-7,-5.48,-3.66,1.54,1:01,CF,15,,160,PEDOT:PSS,PDINO,0.97,15.99,66.67,10.12
PBDB-T,-5.39,-3.5,,Y1,-5.45,-3.95,1.44,1:01,CB,16,100,25,MoOx,ZnO,0.87,22.44,69.1,13.42
PBDB-T,-5.39,-3.5,,Y2,-5.43,-4.04,1.4,1:01,CB,16,100,25,MoOx,ZnO,0.82,23.56,69.4,13.4
PBDB-T,-5.26,-3.63,,BDTS-4Cl,-5.45,-3.82,1.46,1:01,CF,,110,25,PEDOT:PSS,PDINO,0.83,9.8,45.9,3.73
PBDB-T,-5.26,-3.63,,BDTC-4Cl,-5.35,-3.75,1.42,1:01,CF,,110,25,PEDOT:PSS,PDINO,0.864,18.56,59.5,9.54
PTBB-o,-5.52,-3.37,1.89,ITCPTC,-5.62,-3.96,,1:01,CF,16,110,100,MoOx,ZnO,0.99,7.35,30.5,2.14
PTBB-m,-5.48,-3.42,1.88,ITCPTC,-5.62,-3.96,,1:01,CF,16,110,100,MoOx,ZnO,0.97,15.04,48.4,7.07
PTBB-p,-5.41,-3.49,1.84,ITCPTC,-5.62,-3.96,,1:01,CF,16,110,100,MoOx,ZnO,0.91,15.7,50.9,7.26
PBDS-TZ,-5.41,-3.46,1.95,IT-4F,-5.66,-4.14,,1:01,CB,16,,90,MoOx,ZnO,0.804,20.05,73.1,12.01
J71,,,,BTA701,-5.27,-2.83,2.1,1:01,CF,,,120,PEDOT:PSS,Ca,1.32,0.21,25,0.07
J71,,,,BTA3,-5.49,-3.61,1.76,1:01,CF,,,150,PEDOT:PSS,Ca,1.2,10.39,69,8.6
J71,,,,BTA703,-5.5,-3.9,1.5,01:00.5,CF,,,120,PEDOT:PSS,Ca,0.85,3.56,40,1.21
PTB7-Th,-5.25,-3.59,,Py-1,-5.79,-3.76,1.95,01:01.5,CF,10,100,25,MoOx,ZnO,0.74,12.09,65,5.88
PTB7-Th,-5.25,-3.59,,Py-2,-5.83,-3.78,1.97,1:01,CF,10,100,25,MoOx,ZnO,0.75,9.67,47,3.47
PBB-T,-5.4,-3.3,2.1,ITIC-F,-5.69,-4.14,1.55,01:01.2,CB,15.4,100,150,PEDOT:PSS,PDINO,0.91,20.9,70,13.3
PFBDB-T,-5.47,-3.46,1.77,C8-ITIC,-5.63,-3.91,1.55,01:01.3,CB,20,,25,MoOx,ZnO,0.93,19.59,69,12.5
P_TBTT-BTT,-5.15,-3.58,1.57,ICz-Rd2,-5.59,-3.88,1.71,1:01,CF,15,90,40,PEDOT:PSS,PFN,1.04,14.04,54,7.88
P_TBTT-BTT,-5.15,-3.58,1.57,ICz-RdCN2,-5.58,-3.98,1.61,1:01,CF,15,90,40,PEDOT:PSS,PFN,1.01,15.58,62,9.76
PBZ,-5.18,-3.22,1.94,IT-4F,-5.69,-4.07,1.5,1:01,Toluene,20,,25,MoOx,ZnO,0.6,17,63.2,6.4
PBZ-Cl,-5.39,-3.41,1.94,IT-4F,-5.69,-4.07,1.5,1:01,Toluene,20,,25,MoOx,ZnO,0.8,17.7,68.3,9.7
PBZ-ClSi,-5.56,-3.5,1.94,IT-4F,-5.69,-4.07,1.5,1:01,Toluene,20,100,25,MoOx,ZnO,0.93,19.2,71.5,12.8
PT1,-5.46,-3.59,1.87,ITIC,-5.6,-4.05,,01:01.5,CB,20,100,25,MoOx,ZnO,0.95,5.77,39,2.13
PT2,-5.35,-3.58,1.77,ITIC,-5.6,-4.05,,01:01.5,CB,20,100,25,MoOx,ZnO,0.84,16.33,64,9
PT3,-5.37,-3.54,1.83,ITIC,-5.6,-4.05,,01:01.5,CB,20,100,25,MoOx,ZnO,0.88,15.52,68,9.21
PBDB-T,-5.33,-3.53,,DF-TCIC,-5.37,-3.76,1.66,01:01.2,CF,15,100,140,MoOx,PFN,0.86,16.39,58,8.23
PBDB-T,-5.33,-3.53,,HF-TCIC,-5.43,-3.83,1.44,01:01.2,CF,15,100,120,MoOx,PFN,0.76,20.04,65,9.86
BO2FC8,-5.5,-3.6,1.77,m-ITIC-OR-4Cl,-5.78,-4.05,1.52,01:01.5,CB,15,100,150,MoOx,ZnO,0.83,20.2,63.3,11
BO2FEH,-5.59,-3.59,1.8,m-ITIC-OR-4Cl,-5.78,-4.05,1.52,01:01.5,CB,15,100,150,MoOx,ZnO,0.88,14.4,48.5,6.4
PTB-EDOT,-5.33,-3.63,1.57,ITIC-Th,-5.66,-3.93,,01:01.5,MeTHF,16,100,100,MoOx,ZnO,0.84,15.37,66.5,8.59
PTB-EDOTS,-5.38,-3.69,1.55,ITIC-Th,-5.66,-3.93,,01:01.5,MeTHF,16,100,100,MoOx,ZnO,0.88,16.25,71.2,10.18
POPB,-5.38,-3.57,1.81,IT-4F,-5.69,-4.07,,01:01.5,CB,20,,25,MoOx,ZnO,0.72,16.8,51.2,6.2
PFOPB,-5.5,-3.64,1.86,IT-4F,-5.69,-4.07,,01:01.5,CB,20,,25,MoOx,ZnO,0.89,20.4,64.5,11.7
P3HT,-5,-3.1,,BIBT-NI,-5.62,-3.65,2.04,01:01.2,o-DCB,28,90,110,MoOx,ZnO,0.77,6.14,44.2,2.1
PBDT-F-2TC,-5.55,-3.58,1.97,IT-4F,-5.68,-4.13,,1:01,CB,,100,110,PEDOT:PSS,PFN-Br,0.91,18.9,62.51,10.75
PBDT-SF-2TC,-5.57,-3.59,1.98,IT-4F,-5.68,-4.13,,1:01,CB,,100,110,PEDOT:PSS,PFN-Br,0.93,20.73,57.45,11.07
PDBT-F,-5.39,-3.57,1.81,IT-M,-5.51,-3.91,,1:01,CF,,,100,PEDOT:PSS,PFN-Br,0.97,17.02,63.71,10.52
PDBT-F,-5.39,-3.57,1.81,IDIC,-5.69,-3.91,,1:01,CF,,,100,PEDOT:PSS,PFN-Br,0.87,17.65,71.5,11.02
PBDS-T,-5.35,-3.67,1.82,ITIC,-5.5,-3.89,,1.2:1,CB,20,100,25,MoOx,ZnO,0.98,18.23,60,10.72
PBDS-T,-5.35,-3.67,1.82,ITIC-F,-5.6,-4.01,1.55,1:01,CB,20,150,25,MoOx,ZnO,0.9,18.64,66.7,11.19
PBDS-T,-5.35,-3.67,1.82,ITIC-Th1,-5.7,-4.12,1.53,1:01,CB,20,150,25,MoOx,ZnO,0.88,19.55,70,12.04
J71,-5.4,-3.24,,IT-DM,-5.58,-3.82,1.63,1:01,CF,16,,100,PEDOT:PSS,ZrAcAc,1.015,16.74,70.9,12.05
J71,-5.4,-3.24,,ITCF,-5.59,-3.95,1.57,1:01,CF,16,,100,PEDOT:PSS,ZrAcAc,0.91,18.48,78.8,13.25
J71,-5.4,-3.24,,IT-4F,-5.63,-4.06,1.54,1:01,CF,16,,100,PEDOT:PSS,ZrAcAc,0.803,19.58,74.2,11.66
PTBFeh-BDD,-5.26,-3.46,1.8,ITIC,-5.56,-3.92,,,,,,25,PEDOT:PSS,,0.893,17.76,70.16,11.13
PTBFSdo-BDD,-5.31,-3.56,1.75,ITIC,-5.56,-3.92,,,,,,25,PEDOT:PSS,,0.928,17.24,66.1,10.57
PTBFSeh-BDD,-5.32,-3.57,1.75,ITIC,-5.56,-3.92,,,,,,25,PEDOT:PSS,,0.935,17.06,64.08,10.23
2TC-TT-BDTFT,-5.45,-3.5,1.95,m-ITIC,-5.52,-3.83,,1:01,o-DCB,16,100,120,PEDOT:PSS,PDINO,1.06,15.25,59.31,9.65
2T-TTC-BDTFT,-5.41,-3.53,1.88,m-ITIC,-5.52,-3.83,,1:01,o-DCB,16,125,120,PEDOT:PSS,PDINO,0.97,16.57,69.37,11.15
PTB7-Th,-5.3,-3.33,,ACS8,-5.54,-4.05,1.3,1:02,Toluene,20,115,25,MoOx,PFN,0.75,22.5,58.8,9.9
PB24-3TDC,-5.36,-3.58,1.91,ITIC-Th,-5.66,-3.93,,01:01.5,CB,,,25,PEDOT:PSS,C60-bissalt,0.902,16.8,68,10.3
PB68-3TDC,-5.41,-3.57,1.92,ITIC-Th,-5.66,-3.93,,01:01.5,CB,,,25,PEDOT:PSS,C60-bissalt,0.994,12.2,65,7.88
PBDB-T,-5.33,-2.92,,IDNO-IDT,-5.45,-3.65,1.95,1:01,CB,20,,140,PEDOT:PSS,Ca,1.03,2.65,34.47,1.1
PBDB-T,-5.33,-2.92,,IM1-IDT,-5.46,-4.02,1.48,01:01.5,CB,20,,140,PEDOT:PSS,Ca,0.55,5.07,47.41,1.62
PBDB-T,-5.33,-2.92,,ITAN-IDT,-5.42,-3.69,1.68,1.5:1,CB,20,,140,PEDOT:PSS,Ca,1.18,3.71,39.19,2
PBDT-3TCO,-5.5,-3.24,1.85,IT-4F,,,,1:01,CB,10,95,25,PEDOT:PSS,PFN-Br,0.88,20.96,62.7,11.52
PBDT-3T,-5.48,-3.21,1.99,IT-4F,,,,01:01.5,CB,10,95,25,PEDOT:PSS,PFN-Br,0.85,3.89,30.43,1
PTB7-Th,-5.22,-3.64,,NFDTS,-5.36,-3.92,1.41,01:01.2,CF,20,100,25,PEDOT:PSS,PFN-Br,0.67,18.77,48.9,6.15
PTB7-Th,-5.22,-3.64,,NFDTSB,-5.56,-3.85,1.4,1:01,CF,20,100,25,PEDOT:PSS,PFN-Br,0.75,20.14,63.6,9.6
PBTIBDTT,-5.47,-3.6,1.87,ITIC-F,-5.64,-4.03,1.61,1:01,CB,16,120,25,PEDOT:PSS,ZnO,0.921,16.4,74.1,11.19
PBDB-T,-5.33,-2.92,,DTNIF,-5.82,-3.92,1.63,1:01,CB,18,,25,MoOx,ZnO,0.9,13.26,72.77,8.73
PBDB-T,-5.33,-2.92,,DTNSF,-5.52,-4,1.47,1:01,CB,18,,25,MoOx,ZnO,0.92,14.49,54.62,7.15
PBTIBDTT,-5.47,-3.6,1.87,Si4TIC-F,-5.58,-4.21,1.37,01:01.5,CB,12.5,130,25,PEDOT:PSS,PDIN,0.78,18.84,69.4,10.2
PDCBT-2F,-5.6,-3.67,1.93,IT-4F,-5.67,-4.16,1.54,1:01,CF,16,95,25,MoOx,ZnO,0.92,17.8,69,11.6
PTB7-Th,,,,IDT-FBTR,-5.47,-3.65,1.67,1.5:1,o-DCB,20,,25,MoOx,ZnO,1.02,12.95,52.97,7.01
PBT-F,-5.39,-3.65,1.77,IT-4F,-5.66,-4.14,,1:01,,,95,25,PEDOT:PSS,PFN-Br,0.78,21.57,54.5,9.14
PBT-SF,-5.46,-3.58,1.76,IT-4F,-5.66,-4.14,,01:01.5,,,80,25,PEDOT:PSS,PFN-Br,0.8,21.53,60.6,10.51
PBT1-C,-5.46,-3.4,1.83,ITCPTC,-5.62,-3.96,,1:01,CF,16,110,100,PEDOT:PSS,ZrAcAc,0.94,17.2,79,12.8
PTZPF,-5.41,-3.42,2,BT-IC,-5.55,-3.88,1.43,1:01,CB,,100,120,PEDOT:PSS,PFN-Br,0.93,12.27,49,5.63
PTZPF,-5.41,-3.42,2,BT-F,-5.57,-3.97,1.42,1:01,CB,,100,120,PEDOT:PSS,PFN-Br,0.88,16.64,49,7.27
PTZPF,-5.41,-3.42,2,BT-2F,-5.6,-4,1.41,1:01,CB,,100,120,PEDOT:PSS,PFN-Br,0.84,19.29,53,8.54
P3HT,-5,-3.1,,BT3,-5.53,-3.79,1.59,01:00.3,CF,,,120,PEDOT:PSS,Ca,0.72,5.81,61,2.55
P3HT,-5,-3.1,,BTA3,-5.34,-3.28,1.76,01:00.5,CF,,,130,PEDOT:PSS,Ca,0.9,9.64,65,5.64
P3HT,-5,-3.1,,Qx1,-5.42,-3.6,1.74,01:00.6,o-DCB,,,100,PEDOT:PSS,Ca,1,6.02,67,4.03
P3HT,-5,-3.1,,Qx1b,-5.35,-3.66,1.68,0.8:1,o-DCB,,,100,PEDOT:PSS,Ca,0.95,7.34,69,4.81
PTZ1,-5.31,-3.34,1.97,ITIC,,,,01:01.5,,,90,110,MoOx,ZnO,1,14.04,65.5,9.25
P3HT,-5,-3.1,,BTA21,-5.76,-3.56,2.19,1:01,CF,,,100,PEDOT:PSS,Ca,1.07,5.35,43,2.46
P3HT,-5,-3.1,,BTA23,-5.7,-3.57,2.15,1:01,CF,,,120,PEDOT:PSS,Ca,0.9,3.98,52,1.86
P3HT,-5,-3.1,,BTA27,-6.08,-3.81,2.21,1:01,CF,,,100,PEDOT:PSS,Ca,0.6,2.89,36,0.62
PBDTTz-BP,-5.25,-3.49,1.93,ITIC,-5.48,-3.83,,1:01,CB,19.5,100,25,PEDOT:PSS,Ca,0.81,17.7,56,8.03
PBDTTz-N,-5.23,-3.52,1.95,ITIC,-5.48,-3.83,,1:01,CB,19.5,100,25,PEDOT:PSS,Ca,0.75,18,49,6.61
PBDB-T,-5.18,-3.38,,F-H,-5.42,-3.79,1.63,01:01.2,,,,,PEDOT:PSS,PDINO,0.94,15.02,67,9.59
PBDB-T,-5.18,-3.38,,F-F,-5.72,-4.13,1.59,01:01.2,CB,,150,25,PEDOT:PSS,PDINO,0.88,17.36,71,10.85
PBDB-T,-5.18,-3.38,,F-Cl,-5.62,-4.04,1.58,1:01,CB,,150,25,PEDOT:PSS,PDINO,0.87,17.61,75,11.47
PBDB-T,-5.18,-3.38,,F-Br,-5.62,-4.06,1.56,1:01,CB,,150,25,PEDOT:PSS,PDINO,0.87,18.22,76,12.05
PBDB-T,-5.33,-3.53,,DF-PCNC,-5.42,-3.81,1.54,01:01.2,CF,20,100,100,MoOx,ZnO,0.86,18.16,72.62,11.63
PBDB-T,-5.33,-3.53,,DF-PCIC,-5.49,-3.77,1.59,01:01.2,CF,20,100,130,MoOx,ZnO,0.91,15.66,72.07,10.14
PTB7-Th,-5.22,-3.64,1.58,ITCC,-5.62,-3.92,,01:01.2,CF,15,110,80,MoOx,ZnO/PFN,0.95,15.13,72,10.42
PTB7-Th,-5.22,-3.64,1.58,ITIC,-5.48,-3.83,,01:01.3,CF,25,100,25,PEDOT:PSS,PDIN,0.81,14.21,59,6.8
PTB7-Th,-5.22,-3.64,1.58,IDIC,-5.69,-3.91,,1:01,CF,12,100,25,MoOx,ZnO,0.81,10.9,56,5.24
PTB7-Th,-5.22,-3.64,1.58,IEICO-4F,-5.44,-4.19,1.24,01:01.5,CB,25,100,100,PEDOT:PSS,PFN-Br,0.74,22.8,59,10
PTB7-Th,-5.22,-3.64,1.58,SFBRCN,-5.93,-3.86,2.05,01:01.2,CB,22,100,25,MoOx,ZnO,0.9,17.25,65,10.12
PTQ10,-5.54,-2.98,1.92,IDIC,-5.74,-3.9,,1:01,CF,,130,140,PEDOT:PSS,PDINO,0.969,17.81,73.6,12.7
PBDB-T,-5.33,-3.29,,IDTIC,-5.85,-3.89,1.68,1:01,CB,20,150,25,MoOx,ZnO/PFN-Br,0.84,12.7,56.3,5.67
PBDB-T,-5.33,-3.29,,IDTTIC,-5.68,-3.84,1.51,1:01,CB,20,146,25,MoOx,ZnO/PFN-Br,0.919,17.3,70.4,11.2
PTB7-Th,,,,ITIC,,,,01:01.2,CB,20,90,25,MoOx,ZnO,0.822,14,66.2,7.62
P3HT,-4.87,-2.97,,DTFBR,-5.54,-3.68,1.74,1:01,o-DCB,15,110,100,PEDOT:PSS,ZrAcAc,0.71,8.15,62,3.68
PBT1-C,-5.43,-3.36,1.84,TPT-2F,-5.84,-4.06,1.64,1:01,CF,,,100,MoOx,ZnO,0.874,13.89,68.6,8.33
PBDB-T,-5.33,-3.53,,4TIC-4F,-5.6,-4.21,1.32,1:01,CB,20,100,130,PEDOT:PSS,C60-bissalt,0.652,21.5,57,7.99
PBDB-T,-5.33,-3.53,,6TIC-4F,-5.45,-4.14,1.24,1:01,CB,20,100,25,PEDOT:PSS,C60-bissalt,0.723,23,67,11.14
PBDB-T,-5.21,-3.41,,ITBTR-C2,-5.3,-3.7,1.52,1:01,CB,15,,25,MoOx,ZnO,0.89,13.38,58.42,6.96
PBDB-T,-5.21,-3.41,,ITBTR-C4,-5.3,-3.71,1.52,1:01,CB,,,25,MoOx,ZnO,0.9,14.75,54.15,7.33
PBDB-T,-5.21,-3.41,,ITBTR-C6,-5.3,-3.71,1.52,1:01,CB,,,25,MoOx,ZnO,0.89,15.72,57.83,8.18
PBDB-T,-5.21,-3.41,,ITBTR-C8,-5.28,-3.7,1.49,1:01,CB,,,25,MoOx,ZnO,0.9,14.74,58.47,7.85
PBDB-T2Cl,-5.51,-3.57,1.69,IDIC-4H,-5.7,-3.87,1.69,1:01,CB,10,,25,MoOx,ZnO,0.98,10.32,45.3,4.57
PBDB-T2Cl,-5.51,-3.57,1.69,IDIC-4F,-5.73,-3.93,1.66,1:01,CB,10,,25,MoOx,ZnO,0.88,13,61.91,7.1
PBDB-T2Cl,-5.51,-3.57,1.69,IDIC-4Cl,-5.78,-4.02,1.58,1:01,CB,10,,25,MoOx,ZnO,0.83,16.21,68.69,9.24
PBDB-T,-5.3,-3.41,,IT-M,-5.3,-3.35,,1:01,CB,10,100,100,PEDOT:PSS,PFN-Br,0.95,17.13,72,11.74
PBDB-T-BO,-5.38,-3.63,1.75,IT-M,-5.3,-3.35,,1:01,THF,8,100,100,PEDOT:PSS,PFN-Br,0.97,15.77,71,10.78
PBDB-BzT,-5.36,-3.61,1.75,IT-M,-5.3,-3.35,,1:01,THF,8,100,100,PEDOT:PSS,PFN-Br,0.96,17.97,70,12.1
PTB7-Th,-5.15,-3.43,1.59,IDT-BT-R2,-5.31,-3.7,1.68,01:01.5,,25,98,150,PEDOT:PSS,Ca,1.04,13.75,62.76,8.96
PTB7-Th,-5.15,-3.43,1.59,IDT-BT-RF3,-5.35,-3.78,1.64,1:02,,24,96,150,PEDOT:PSS,Ca,0.89,14.74,59.16,7.75
PTB7-Th,-5.15,-3.43,1.59,IDT-BT-RO,-5.33,-3.74,1.66,01:01.5,,20,101,150,PEDOT:PSS,Ca,1.02,13.75,60.81,8.57
PTB7-Th,-5.15,-3.43,1.59,IDT-BT-RN,-5.26,-3.62,1.71,01:01.5,,20,105,150,PEDOT:PSS,Ca,1.1,12.04,53.67,7.09
PBDB-T,-5.33,-2.92,,IDT-O-IC,-5.7,-3.79,1.69,01:01.2,o-DCB,8.8,100,25,MoOx,ZnO,0.83,10.32,55,4.74
PBDB-T,-5.33,-2.92,,spiro-IDT-O-IC,-5.68,-3.79,1.66,01:01.8,o-DCB,11.2,100,25,MoOx,ZnO,0.84,11.76,63,6.23
PBDB-T,-5.33,-2.92,,ICBF-O,-5.7,-3.75,1.9,1:01,CB,20,100,25,PEDOT:PSS,PDINO,1.06,6.82,42.6,3.11
PBDB-T,-5.33,-2.92,,ICBF,-5.64,-3.8,1.8,1:01,CB,20,100,25,PEDOT:PSS,PDINO,0.99,10.3,60.1,6.07
PBDB-T,-5.33,-2.92,,FICBF-O,-5.72,-3.85,1.81,1:01,CB,20,100,25,PEDOT:PSS,PDINO,0.96,10.59,54.5,5.54
PBDB-T,-5.33,-2.92,,FICBF,-5.66,-3.88,1.72,1:01,CB,20,100,80,PEDOT:PSS,PDINO,0.87,12.71,67,7.41
PTB7-Th,-5.22,-3.64,1.58,BT-SFIC,-5.46,-4.04,1.44,01:02.5,,,,25,MoOx,ZnO,0.77,18.46,67,9.52
PTB7-Th,-5.22,-3.64,1.58,BT-FIC,-5.48,-4.1,1.39,01:01.5,,,,25,MoOx,ZnO,0.73,21.28,65,10.1
PBZ-TS,-5.48,-2.83,1.85,ITIC,,,,1:01,,,,25,PEDOT:PSS,PDINO,0.93,16.73,52.1,8.08
PBT1-EH,-5.43,-3.43,1.84,IDTCN,-5.91,-3.94,1.67,1:01,CF,7,110,100,PEDOT:PSS,ZrAcAc,0.93,13.08,70.2,8.69
PBDB-T,-5.49,-3.69,,IDT-T,-5.57,-4.01,1.56,1:01,CB,15,90,25,MoOx,ZnO,0.952,11.21,59.62,6.36
PBDB-T,-5.49,-3.69,,IDT-3MT,-5.68,-4.16,1.52,1:01,CB,15,90,25,MoOx,ZnO,0.95,14.43,61.32,8.4
PBDB-T,-5.33,-3.53,,SiIDT-IC,-5.47,-3.78,1.69,1:01,CB,,,110,MoOx,ZnO/PFN-Br,0.92,13.53,65.56,8.16
PBDB-T,-5.33,-3.53,,IDIC,-5.53,-3.91,1.62,1:01,CB,,,110,MoOx,ZnO/PFN-Br,0.81,16.69,65.36,8.83
PBDB-T,-5.33,-3.53,,IDTBOR,-5.49,-3.93,1.56,1:02,CB,,100,130,MoOx,ZnO/PFN-Br,0.89,15.98,54.67,7.74
PBDB-T,-5.33,-3.53,,IDTBSR,-5.41,-3.88,1.53,1:02,CB,,100,130,MoOx,ZnO/PFN-Br,0.95,13.95,52.38,6.95
PBDB-T,-5.36,-3.55,1.81,TTIC,-5.75,-4.35,1.4,01:01.5,o-DCB,10,85,125,MoOx,ZnO,0.77,22.26,62,10.61
PBDB-T,-5.36,-3.55,1.81,TTIC-M,-5.68,-4.24,1.44,01:01.5,o-DCB,10,86,175,MoOx,ZnO,0.8,20.51,70,11.48
J52,-5.39,,1.93,ITIC,-5.54,-4,,01:01.5,CF,18,,25,PEDOT:PSS,PDINO,0.803,10.87,43.2,3.78
J52-Cl,-5.53,-3.59,1.94,ITIC,-5.54,-4,,01:01.5,CF,18,,25,PEDOT:PSS,PDINO,0.956,17.17,70.2,11.53
PBDB-T,,,,IDTT2F,-5.57,-4.03,1.46,1:01,o-DCB,8,100,25,MoOx,ZnO,0.81,18.51,59,8.85
PBDB-T,,,,IDTOT2F,-5.54,-3.94,1.44,1:01,o-DCB,8,97,25,MoOx,ZnO,0.85,20.87,72,12.79
PBDB-T,,,,IDTIC,-5.92,-3.93,1.7,1:01,CB,10,117,25,MoOx,ZnO,0.89,10.94,61.9,6.05
PBDB-T,-5.33,-3.53,,ITIC,-5.66,-3.97,1.59,1:01,CB,20,98,25,PEDOT:PSS,N719:PrC60MAI,0.897,16.92,65.5,9.94
PBDB-T,-5.33,-3.53,,ITCT,-5.65,-4.02,1.55,1:01,CB,20,98,25,PEDOT:PSS,N719:PrC60MAI,0.85,17.88,72.3,10.99
P3HT,-4.94,-3.06,,IDT-RCN,-5.62,-3.75,1.54,01:00.8,CB,14.4,100,25,PEDOT:PSS,Ca,0.69,7.92,63,3.42
P3HT,-4.94,-3.06,,IDT-CA,-5.59,-3.64,1.66,01:00.8,CB,14.4,100,25,PEDOT:PSS,Ca,0.84,7.77,64,4.19
PBDB-T,-5.33,-2.92,,IDTO-T-4F,-5.49,-3.88,1.45,01:01.2,CB,22,110,25,PEDOT:PSS,PDINO,0.864,20.12,72.7,12.62
PBDB-T,-5.33,-2.92,,IDTO-Se-4F,-5.48,-3.9,1.4,01:01.1,CB,20,110,25,PEDOT:PSS,PDINO,0.831,18.55,69.2,10.67
PBDB-T,-5.33,-2.92,,IDTO-TT-4F,-5.39,-3.89,1.38,01:01.1,CF,12,110,25,PEDOT:PSS,PDINO,0.856,17.21,69.4,10.21
PBDB-T,-5.33,-2.92,,IDT2Se,-5.41,-3.87,1.45,1:01,CB,20,110,80,PEDOT:PSS,PDINO,0.88,17.31,59.8,9.11
PBDB-T,-5.33,-2.92,,IDT2Se-4F,-5.51,-4,1.39,1:01,CB,20,110,80,PEDOT:PSS,PDINO,0.79,21.35,65.4,11.03
PBDT-Se-TAZ,-5.23,-3.45,1.92,ITIC,-5.48,-3.83,,1:01,CF,16,100,25,MoOx,ZnO,0.81,18.63,66.7,10.07
PBDTS-Se-TAZ,-5.29,-3.49,1.9,ITIC,-5.48,-3.83,,1:01,CF,16,100,25,MoOx,ZnO,0.84,19.51,75.1,12.31
PBDB-TF,-5.54,-3.65,,IT-M,-5.58,-3.93,1.59,1:01,CB,22,90,100,PEDOT:PSS,PFN-Br,1.02,15.79,65,10.5
PBDB-TF,-5.54,-3.65,,IT-4F,-5.67,-4.15,1.5,1:01,CB,20,90,100,PEDOT:PSS,PFN-Br,0.87,20.38,77,13.7
PBZ1,-5.27,-3.06,1.96,ITIC,-5.6,-3.85,,1:01,Toluene,,,160,MoOx,ZnO,0.74,15.7,49.8,5.8
PBZ-m-CF3,-5.49,-3.22,1.99,ITIC,-5.6,-3.85,,1:01,Toluene,,,160,MoOx,ZnO,0.94,18.4,60.2,10.4
PBDB-TF,-5.48,-3.64,1.81,HF-PCIC,-5.53,-3.83,1.5,01:01.2,CB,20,100,110,MoOx,ZnO,0.92,16.01,72.42,10.97
PBDB-TF,-5.48,-3.64,1.81,HFO-PCIC,-5.5,-3.81,1.48,01:01.2,CB,20,100,110,MoOx,ZnO,0.93,12.62,70.99,8.36
PBDB-TF,-5.48,-3.64,1.81,OF-PCIC,-5.66,-3.86,1.59,01:01.2,CB,20,100,110,MoOx,ZnO,0.91,13.76,73.37,9.09
PBDB-T,-5.33,-3.53,,DF-PCIC,-5.49,-3.77,1.59,01:01.4,,20,100,130,MoOx,ZnO/PFN,0.91,15.66,72,10.14
PBDB-T,-5.33,-3.53,,IF-TN,-5.8,-3.93,1.81,1:01,CB,10,100,80,PEDOT:PSS,PNDIT-F3N-Br,1.006,7.02,40.95,2.89
PBDB-T,-5.33,-3.53,,IDT-TN,-5.42,-4.03,1.43,1:01,CB,10,100,80,PEDOT:PSS,PNDIT-F3N-Br,0.967,13.22,45.17,5.77
PBDB-T,-5.21,-3.41,,IT-M,-5.58,-3.98,,1:01,CB,20,,120,PEDOT:PSS,PDINO,0.93,16.69,66.77,10.31
PBDB-T,-5.2,-3,,ITIC-Cl4,-5.5,-3.9,1.48,1:01,o-DCB,15,,25,MoOx,ZnO,0.74,21.5,60,9.6
PBDTS-TzBI,-5.39,-3.52,1.57,ITIC,-5.48,-3.83,,1:01,CB,20,100,130,PEDOT:PSS,PFN-Br,0.94,16.8,56.2,9.04
PBDTS-TzBI,-5.39,-3.52,1.57,ITIC-Th,-5.66,-3.93,,1:01,CB,20,100,130,PEDOT:PSS,PFN-Br,0.91,17.34,60.44,9.67
PBDB-T,-5.33,-2.92,,NFBDT-Me,-5.4,-3.78,1.58,01:00.6,CF,9.6,,25,PEDOT:PSS,PDIN,0.909,17.3,70,11
PBDB-T,-5.33,-2.92,,NFBDT-F,-5.43,-3.88,1.5,1:01,CF,,,25,PEDOT:PSS,PDIN,0.793,19.28,69.5,10.62
PBDB-T,-5.33,-2.92,,NFBDT,-5.4,-3.83,1.56,01:00.8,CF,9,100,25,PEDOT:PSS,PDIN,0.872,17.85,67.2,10.42
PBDB-T,-5.33,-3.53,,IT-DM,-5.47,-3.78,,1.5:2,CB,20,100,160,PEDOT:PSS,PFN-Br,0.95,15.95,68.7,10.41
PBDB-T,-5.33,-3.53,,SN6IC,-5.38,-3.93,1.39,1:01,CB,20,100,25,PEDOT:PSS,C60-bissalt,0.88,16.5,66,9.6
PBDB-T,-5.33,-3.53,,SN6IC-4F,-5.52,-4.11,1.32,1:01,CB,20,100,25,PEDOT:PSS,C60-bissalt,0.78,23.2,73,13.2
PTB7-Th,-5.02,-3.44,,ITIC,-5.47,-3.76,,1:02,CB,25,,25,MoOx,ZnO,0.825,14.4,66,7.8
PTB7-Th,-5.02,-3.44,,IDTT-T,-5.51,-3.51,2,1:02,CB,25,57,25,MoOx,ZnO,1.015,15.7,57,9.1
PBDB-T,-5.3,-3.4,,IDT-TBA,-5.71,-3.93,1.91,1:01,,20,100,120,MoOx,ZnO,1,11.2,57,6.4
PBDB-T,-5.3,-3.4,,IDDT-TBA,-5.91,-4,1.78,1:01,,20,100,120,MoOx,ZnO,1.03,11.6,61,7.3
PBDB-T,-5.33,-3.53,,IDT-IC,-5.78,-3.84,1.72,1:01,o-DCB,8,80,25,MoOx,ZnO,0.83,10.54,49,4.69
PBDB-T,-5.33,-2.92,,O-NTIC,-5.51,-3.67,1.7,01:00.8,CB,19.9,,25,PEDOT:PSS,PDINO,0.978,13.31,69.9,9.1
PBDB-T,-5.33,-2.92,,O-NTNC,-5.54,-3.78,1.64,01:00.8,CB,19.9,,25,PEDOT:PSS,PDINO,0.942,15.98,73.4,11.04
PBDB-T,-5.33,-2.92,,BTTFIC,-5.56,-3.95,1.58,1.5:1,o-DCB,15,106,130,MoOx,ZnO,0.935,17.74,54.3,9
PTB7-Th,-5.2,-3.56,,BTTFIC,-5.56,-3.95,1.58,1:02,o-DCB,30,101,130,MoOx,ZnO,0.871,17.67,55,8.47
PBDB-TF,-5.5,-3.61,1.83,IT-4F,-5.69,-4.07,,1:01,CB,10,100,100,MoOx,ZnO,0.84,22.2,72.5,13.5
PBDB-T,,,,NFTI,-5.46,-3.77,1.57,01:00.9,o-DCB,,,25,PEDOT:PSS,FPI,0.898,16.22,57,8.34
FTAZ,-5.38,-3.17,,F5IC,-5.82,-4.05,1.64,01:01.5,CF,12.5,,25,MoOx,ZnO/PFN-Br,0.704,14.88,53.7,5.6
FTAZ,-5.38,-3.17,,F7IC,-5.74,-4.01,1.56,01:01.5,CF,12.5,,25,MoOx,ZnO/PFN-Br,0.742,18.43,59.7,8.2
FTAZ,-5.38,-3.17,,F9IC,-5.52,-3.97,1.49,01:01.5,CF,12.5,,25,MoOx,ZnO/PFN-Br,0.873,20.2,66.4,11.7
PBDTTz-SBP,-5.46,-3.5,1.96,ITIC,-5.6,-3.93,,1:01,CB,,125,25,PEDOT:PSS,PFN-Br,0.914,18.52,71.43,12.09
PBDTTz-BP,-4.8,-2.45,1.96,ITIC,-5.6,-3.93,,1:01,CB,,125,25,PEDOT:PSS,PFN-Br,0.832,17.96,61.56,9.2
PJ1,-5.38,-3.38,2,m-ITIC,-5.54,-3.95,1.57,01:01.5,CF,,110.9,130,PEDOT:PSS,PDINO,1.031,11.1,56,6.41
PJ1,-5.38,-3.38,2,IDIC,-5.67,-4.1,1.69,01:01.5,CF,,109.1,130,PEDOT:PSS,PDINO,0.958,12,53.6,6.18
PJ2,-5.14,-3.33,1.81,m-ITIC,-5.54,-3.95,1.57,01:01.5,CF,,112.6,130,PEDOT:PSS,PDINO,0.988,16.8,62.3,10.34
PJ2,-5.14,-3.33,1.81,IDIC,-5.67,-4.1,1.69,01:01.5,CF,,110.3,130,PEDOT:PSS,PDINO,0.939,17,75.3,12.01
PJ3,-5.01,-3.26,1.75,m-ITIC,-5.54,-3.95,1.57,01:01.5,CF,,117.8,130,PEDOT:PSS,PDINO,0.96,12.7,63.5,7.76
PJ3,-5.01,-3.26,1.75,IDIC,-5.67,-4.1,1.69,01:01.5,CF,,114.5,130,PEDOT:PSS,PDINO,0.908,12.8,69.8,8.11
2D-PBTCl,-5.45,-3.6,1.58,ITIC,-5.48,-3.83,,1:01,CB,8,100,25,MoOx,ZnO,0.91,15.79,61.32,8.81
2D-PBTCl2,-5.43,-3.63,1.48,ITIC,-5.48,-3.83,,1:01,CB,8,90,25,MoOx,ZnO,0.87,14.52,58.43,7.38
PTB7-Th,-5.38,-3.7,,ITIC,-5.48,-3.83,,1:01,CB,8,90,25,MoOx,ZnO,0.82,14.76,57.09,6.91
PBClT,-5.47,-3.61,1.64,ITIC,-5.48,-3.83,,1:01,CB,8,100,25,MoOx,ZnO,1.01,13.95,60.05,8.46
PBDB-T,-5.36,-3.54,,BDCPDT-IC,-5.41,-3.87,1.53,1:01,CB,12,,25,MoOx,ZnO,0.86,16.56,65.52,9.33
PBDB-T,-5.36,-3.54,,BDCPDT-FIC,-5.52,-4,1.49,1:01,CB,12,,25,MoOx,ZnO,0.7,19.12,60.67,8.12
PBFTT,-5.47,-3.56,1.64,ITIC,-5.6,-3.85,,01:01.5,CB,20,,25,MoOx,ZnO,0.94,16,60.5,9.1
PBDB-O,-5.3,-2.82,1.55,ITIC,-5.51,-3.78,,1:01,CB,20,100,160,MoOx,ZnO,0.846,11.8,43.3,4.35
PBDB-T,-5.33,-2.92,,ITIC,-5.51,-3.78,,1:01,CB,20,100,160,MoOx,ZnO,0.899,16.8,74.2,11.21
PBDB-T,-5.31,-3.51,,BDTIT-M,-5.4,-3.85,1.55,1:01,CB,20,100,100,PEDOT:PSS,PDIN,0.903,17.56,71.3,11.31
PBDB-T,-5.31,-3.51,,BDTThIT-M,-5.35,-3.82,1.53,1:01,CB,20,100,100,PEDOT:PSS,PDIN,0.942,18.03,71.4,12.12
PBZ,-5.18,-3.22,1.96,ITIC,-5.48,-3.83,,01:01.3,CB,9,100,25,MoOx,ZnO,0.79,17.2,59,8
PFBZ,-5.36,-3.42,1.94,ITIC,-5.48,-3.83,,01:01.3,CB,9,125,25,MoOx,ZnO,0.89,18.8,62,10.4
J51,-5.26,-3.08,1.91,ITIC,-5.48,-3.83,1.59,1:02,CF,18,,25,PEDOT:PSS,PDINO,0.84,14.08,61,7.03
J60,-5.32,-3.08,,ITIC,-5.53,-3.88,,1:01,CF,20,,25,PEDOT:PSS,PDINO,0.92,9.78,57.45,5.17
J61,-5.32,-3.08,,ITIC,-5.53,-3.88,,1:01,CF,20,,25,PEDOT:PSS,PDINO,0.91,14.95,66.55,9.15
PTB7,-5.14,-3.51,1.64,IEICO-4F,-5.44,-4.19,,01:01.5,CB,25,,25,PEDOT:PSS,PFN-Br,0.54,14.73,28.92,2.3
PTB7-Th,-5.22,-3.64,,IEICO-4F,-5.44,-4.19,,01:01.5,CB,25,,25,PEDOT:PSS,PFN-Br,0.72,23.21,69.41,11.6
PBO,-5.47,-3.67,1.8,ITIC,-5.53,-3.88,,1:02,o-DCB,20,85,25,PEDOT:PSS,LiF,0.92,14.3,54,7.1
PBDB-T,-5.28,,,TTIC-M,-5.3,-3.82,1.44,1:01,CB,20,,25,PEDOT:PSS,PDINO,0.83,19.07,63,9.85
PBDB-T,-5.28,,,TTIC,-5.33,-3.87,1.38,1:01,CB,20,,25,PEDOT:PSS,PDINO,0.8,20.58,66,10.73
PBDB-T,-5.28,,,TTIC-F,-5.34,-3.88,1.35,1:01,CB,20,,25,PEDOT:PSS,PDINO,0.71,21.26,63,9.38
J71,-5.36,-3.42,,ITIC,-5.48,-3.83,,01:01.3,CB,22.5,175,25,MoOx,ZnO,0.96,14.81,63.63,9.03
FTAZ,-5.48,-3.47,,ITIC,-5.64,-4.04,,01:01.5,CF,15,90,25,MoOx,ZnO,0.911,16.71,58,8.77
HTAZ,-5.42,-3.44,1.91,ITIC,-5.64,-4.04,,01:01.5,CF,15,90,25,MoOx,ZnO,0.851,13.03,40.8,4.5
PTB7-Th,,,,IFT-ECA,-5.62,-3.58,2.28,01:01.5,o-DCB,,120,25,MoOx,ZnO,0.76,0.2,23.6,0.03
PTB7-Th,,,,IFT-M,-5.83,-3.65,2.15,01:01.5,o-DCB,,120,25,MoOx,ZnO,0.76,0.8,24.9,0.15
PTB7-Th,,,,IFT-IC,-5.7,-3.87,2.03,01:01.5,o-DCB,,120,25,MoOx,ZnO,1.03,8,50.3,4.14
PTB7-Th,,,,IFT-TH,-5.85,-3.67,1.84,01:01.5,o-DCB,,120,25,MoOx,ZnO,0.9,13.2,60.2,7.16
PBDB-T,,,,IT-M,,,,1:01,CB,20,100,25,PEDOT:PSS,PFN-Br,0.961,16.69,70,11.5
PTB7-Th,-5.2,-3.59,,4TIC,-5.28,-3.87,1.4,1:02,CB,30,,25,PEDOT:PSS,C60-bissalt,0.78,18.8,72,10.43
PTB7-Th,-5.2,-3.59,,ITIC,-5.43,-3.81,1.6,01:01.3,CB,22.5,,25,PEDOT:PSS,C60-bissalt,0.83,15.18,57,7.28
TBF-BDD,-5.37,-3.65,1.76,ITIC,,,,1:01,CF,16,,110,PEDOT:PSS,PDINO,0.85,14.94,56,7.13
TBF-BT,-5.4,-3.55,1.75,ITIC,,,,1:01,CF,16,,110,PEDOT:PSS,PDINO,0.81,13.89,63,7.03
PBT,-5.43,-3.65,1.78,CzC6C8,-5.79,-3.79,2,1:03,CB,25,97,130,MoOx,ZnO,0.99,8.24,41,3.3
PBT,-5.43,-3.65,1.78,CzC8,-5.72,-3.74,1.98,1:03,CB,25,103,130,MoOx,ZnO,1.03,9,50,4.64
PTB7-Th,-5.23,-3.65,,CzC8,-5.72,-3.74,1.98,1:03,CB,25,102,100,MoOx,ZnO,0.98,11.24,45,4.91
PTFBDT,-5.5,-3.69,1.81,CzC8,-5.72,-3.74,1.98,1:03,CB,25,94,150,MoOx,ZnO,1.16,7.99,51,4.67
PBDB-T,-5.33,-3.53,,IDTC,-5.29,-3.37,1.51,1:01,CF,,100,160,PEDOT:PSS,PDINO,0.917,16.56,61.61,9.35
PBDB-T,-5.33,-3.53,,IDTO,-5.11,-3.38,1.53,1:01,CF,,100,160,PEDOT:PSS,PDINO,0.943,16.25,65.41,10.02
PTB7-Th,-5.2,-3.6,1.58,BTA7,-5.56,-3.66,1.78,1:02,CF,15,,80,PEDOT:PSS,Ca,1.05,10.44,42,4.6
PTB7-Th,-5.2,-3.6,1.58,BTA1,-5.51,-3.55,1.85,1:02,CF,15,,80,PEDOT:PSS,Ca,0.93,0.2,29,0.06
PTB7-Th,-5.2,-3.6,1.58,BTA2,-5.43,-3.38,2,1:02,CF,15,,80,PEDOT:PSS,Ca,1.01,0.05,27,0.01
P3HT,-5,-3.1,1.9,BTA1,-5.51,-3.55,,01:00.6,CF,15,,100,PEDOT:PSS,Ca,1.02,7.34,70,5.24
P3HT,-5,-3.1,1.9,BTA2,-5.43,-3.38,2,0.6:1,CF,15,,100,PEDOT:PSS,Ca,1.22,6.15,60,4.5
P3HT,-5,-3.1,,BT2,-5.5,-3.53,1.82,1.5:1,CF,15,,150,PEDOT:PSS,Ca,0.97,7.59,67,4.93
P3HT,-5,-3.1,,BT2b,-5.41,-3.56,1.75,1:01,CF,15,,150,PEDOT:PSS,Ca,0.92,10.02,66,6.08
PBDB-T,-5.33,-2.92,,CDTCN,-5.39,-3.8,1.48,1:01,CB,20,107,80,MoOx,ZnO,0.96,11.26,57.58,6.23
PTB7-Th,-5.2,-3.59,,IHIC,-5.45,-3.93,,01:01.5,o-DCB,20,100,25,MoOx,ZnO,0.754,19.01,68.1,9.77
PBDB-T,-5.33,-2.92,,ITIC,-5.96,-3.98,,1:01,CB,20,100,25,MoOx,ZnO,0.88,13.8,59.8,7.4
PBDTTT-C-T,-5.11,-3.25,,IDT-2BM,-5.6,-4.8,1.6,1.5:1,o-DCB,30,,25,PEDOT:PSS,Ca,0.766,10.1,55.1,4.26
PBDTTT-C-T,-5.11,-3.25,,IDTT-2BM,-5.5,-3.8,1.54,1.5:1,o-DCB,30,,25,PEDOT:PSS,Ca,0.851,9.87,57.2,4.81
PffQx-T,-5.36,-3.56,1.73,ITIC,-5.48,-3.83,1.57,01:01.5,CF,20,100,170,PEDOT:PSS,PDINO,0.87,16.33,59.6,8.47
PffQx-PS,-5.4,-3.55,1.81,ITIC,-5.48,-3.83,1.57,1:01,CF,20,100,90,PEDOT:PSS,PDINO,0.97,14.96,62.9,9.12
PBDB-T,-5.28,-3.48,,ITIC,-5.51,-3.78,,1:01,CB,20,100,160,MoOx,ZnO,0.831,14.5,71.1,8.6
PBDB-T,,,,ITIC,,,,1:01,CB,20,100,25,MoOx,ZnO,0.87,19.11,64.15,10.53
PTB7-Th,,,,O-IDTBR,,,,,,,,,,,0.992,17.7,57.3,10.1
PTB7-Th,,,,IEICO,,,,,,,,,,,0.883,14.8,61.2,7.95
PTB7-Th,,,,IEICO-4F,,,,,,,,,,,0.707,26.6,66,12.4
J101,-5.3,-3.5,1.53,ITIC,-5.56,-3.79,,1:01,CF,16,98,150,PEDOT:PSS,PDINO,0.951,17.7,73.65,12.47
J101,-5.3,-3.5,1.53,ZITI,-5.53,-3.8,,1:01,CF,16,105,120,PEDOT:PSS,PDINO,0.937,21.25,72.48,14.43
J71,-5.27,-3.6,,ZITI,-5.53,-3.8,,1:01,CF,16,98,25,PEDOT:PSS,PDINO,0.912,20.23,69.49,12.82
PTB7-Th,-5.22,-3.64,,DICTF-C10,-5.67,-3.89,1.76,2:03,o-DCB,25,68,25,MoOx,ZnO,0.865,19.255,50,6.93
